transaction_id,user_id,amount_lakhs,transaction_type,city,device_type,date,failed_attempts,merchant_category,is_fraud
TXN100000,USER1000,9.99,P2P,Delhi,iOS,2025-01-15,4,Electronics,0
TXN100001,USER1001,23.82,Merchant,Pune,Web,2025-10-31,2,Education,0
TXN100002,USER1002,18.57,Merchant,Hyderabad,Android,2025-06-12,2,Electronics,0
TXN100003,USER1003,15.37,Merchant,Chennai,Web,2025-04-22,4,Education,1
TXN100004,USER1004,4.74,Merchant,Chennai,iOS,2025-04-28,4,Travel,0
TXN100005,USER1005,4.74,P2P,Delhi,iOS,2025-12-12,3,Electronics,0
TXN100006,USER1006,2.39,Merchant,Mumbai,Web,2025-08-28,3,Education,0
TXN100007,USER1007,21.79,P2P,Hyderabad,Android,2025-03-15,2,Electronics,0
TXN100008,USER1008,15.43,P2P,Chennai,Android,2025-07-30,2,Electronics,0
TXN100009,USER1009,17.99,P2P,Delhi,iOS,2025-11-30,0,Education,0
TXN100010,USER1010,1.49,P2P,Chennai,iOS,2025-06-28,0,Education,0
TXN100011,USER1011,24.28,P2P,Kolkata,Android,2025-10-01,3,Retail,0
TXN100012,USER1012,20.98,Merchant,Hyderabad,Web,2025-04-21,5,Electronics,1
TXN100013,USER1013,6.1,Merchant,Hyderabad,iOS,2025-01-11,5,Real Estate,0
TXN100014,USER1014,5.36,Merchant,Kolkata,Android,2025-12-25,3,Electronics,0
TXN100015,USER1015,5.4,Merchant,Bangalore,iOS,2025-03-30,0,Electronics,0
TXN100016,USER1016,8.3,P2P,Kolkata,Web,2025-03-28,0,Education,0
TXN100017,USER1017,13.59,Merchant,Pune,Android,2025-10-15,5,Electronics,0
TXN100018,USER1018,11.37,P2P,Pune,iOS,2025-05-27,1,Electronics,0
TXN100019,USER1019,7.99,Merchant,Delhi,Web,2025-10-08,1,Real Estate,0
TXN100020,USER1020,15.68,P2P,Hyderabad,iOS,2025-10-25,0,Education,0
TXN100021,USER1021,4.35,P2P,Bangalore,Web,2025-03-09,1,Electronics,0
TXN100022,USER1022,8.01,Merchant,Bangalore,Web,2025-09-12,4,Travel,0
TXN100023,USER1023,9.79,P2P,Chennai,Android,2025-07-16,3,Retail,0
TXN100024,USER1024,11.95,P2P,Chennai,Web,2025-10-24,3,Real Estate,0
TXN100025,USER1025,19.84,Merchant,Kolkata,iOS,2025-05-23,0,Electronics,0
TXN100026,USER1026,5.79,P2P,Bangalore,Web,2025-11-13,2,Travel,0
TXN100027,USER1027,13.34,Merchant,Kolkata,Web,2025-09-22,5,Electronics,0
TXN100028,USER1028,15.22,Merchant,Kolkata,Android,2025-05-27,0,Electronics,0
TXN100029,USER1029,2.11,Merchant,Chennai,Web,2025-08-21,1,Education,0
TXN100030,USER1030,15.58,P2P,Hyderabad,Web,2025-01-04,5,Education,1
TXN100031,USER1031,5.09,P2P,Kolkata,iOS,2025-06-11,2,Education,0
TXN100032,USER1032,2.56,P2P,Mumbai,Android,2025-01-03,1,Travel,0
TXN100033,USER1033,23.77,Merchant,Hyderabad,Android,2025-01-11,4,Electronics,1
TXN100034,USER1034,24.18,P2P,Bangalore,Android,2025-09-28,1,Retail,0
TXN100035,USER1035,20.4,Merchant,Bangalore,Web,2025-10-09,4,Real Estate,1
TXN100036,USER1036,8.31,Merchant,Kolkata,Android,2025-07-13,5,Education,0
TXN100037,USER1037,3.34,P2P,Hyderabad,Web,2025-05-03,4,Education,0
TXN100038,USER1038,17.42,Merchant,Chennai,Web,2025-09-17,5,Electronics,1
TXN100039,USER1039,11.56,P2P,Chennai,iOS,2025-06-02,5,Electronics,0
TXN100040,USER1040,3.93,P2P,Pune,iOS,2025-08-12,5,Travel,0
TXN100041,USER1041,12.88,P2P,Bangalore,iOS,2025-06-20,5,Travel,0
TXN100042,USER1042,1.83,P2P,Delhi,iOS,2025-01-16,5,Education,0
TXN100043,USER1043,22.82,P2P,Pune,iOS,2025-01-20,1,Electronics,0
TXN100044,USER1044,7.21,Merchant,Chennai,Web,2025-05-14,5,Retail,0
TXN100045,USER1045,16.9,Merchant,Hyderabad,Web,2025-02-12,1,Real Estate,0
TXN100046,USER1046,8.48,Merchant,Chennai,Android,2025-09-07,5,Electronics,0
TXN100047,USER1047,13.48,P2P,Hyderabad,Web,2025-03-26,4,Electronics,0
TXN100048,USER1048,14.12,P2P,Pune,Web,2025-09-06,5,Travel,0
TXN100049,USER1049,5.44,P2P,Bangalore,iOS,2026-01-01,2,Real Estate,0
TXN100050,USER1050,24.27,Merchant,Chennai,Web,2025-04-12,5,Education,1
TXN100051,USER1051,19.6,P2P,Kolkata,iOS,2025-09-21,5,Electronics,1
TXN100052,USER1052,23.55,Merchant,Hyderabad,Android,2025-07-18,4,Education,1
TXN100053,USER1053,22.48,Merchant,Bangalore,Android,2025-05-22,3,Electronics,0
TXN100054,USER1054,15.35,P2P,Delhi,Web,2025-01-18,4,Education,1
TXN100055,USER1055,23.12,P2P,Hyderabad,Android,2025-11-27,2,Real Estate,0
TXN100056,USER1056,3.12,Merchant,Pune,Web,2025-05-11,3,Travel,0
TXN100057,USER1057,5.7,P2P,Delhi,Android,2025-02-10,0,Real Estate,0
TXN100058,USER1058,2.09,Merchant,Delhi,iOS,2025-10-11,0,Retail,0
TXN100059,USER1059,8.81,P2P,Mumbai,iOS,2025-05-05,2,Travel,0
TXN100060,USER1060,10.33,P2P,Chennai,iOS,2025-09-10,4,Real Estate,0
TXN100061,USER1061,7.51,Merchant,Hyderabad,iOS,2025-11-06,1,Retail,0
TXN100062,USER1062,20.89,P2P,Delhi,Web,2025-08-19,2,Electronics,0
TXN100063,USER1063,9.56,Merchant,Mumbai,Android,2025-08-10,3,Electronics,0
TXN100064,USER1064,7.74,P2P,Pune,Web,2025-01-01,3,Education,0
TXN100065,USER1065,14.02,Merchant,Bangalore,iOS,2025-02-05,5,Travel,0
TXN100066,USER1066,4.38,Merchant,Kolkata,Web,2025-05-30,0,Electronics,0
TXN100067,USER1067,20.25,P2P,Kolkata,Android,2025-09-11,3,Travel,0
TXN100068,USER1068,2.79,Merchant,Hyderabad,Web,2025-09-02,2,Electronics,0
TXN100069,USER1069,24.69,P2P,Delhi,Android,2025-10-13,3,Education,0
TXN100070,USER1070,19.53,P2P,Kolkata,Web,2025-12-14,2,Real Estate,0
TXN100071,USER1071,5.77,P2P,Chennai,Android,2025-03-05,1,Education,0
TXN100072,USER1072,1.13,Merchant,Kolkata,Android,2025-11-20,5,Retail,0
TXN100073,USER1073,20.57,Merchant,Kolkata,iOS,2025-05-01,0,Electronics,0
TXN100074,USER1074,17.96,P2P,Kolkata,Android,2025-03-21,3,Retail,0
TXN100075,USER1075,18.5,P2P,Mumbai,iOS,2025-07-08,2,Retail,0
TXN100076,USER1076,19.51,Merchant,Delhi,iOS,2025-08-17,4,Travel,1
TXN100077,USER1077,2.78,P2P,Chennai,iOS,2025-12-17,0,Electronics,0
TXN100078,USER1078,9.6,P2P,Delhi,Web,2025-09-25,1,Retail,0
TXN100079,USER1079,3.78,Merchant,Hyderabad,Web,2025-08-08,2,Real Estate,0
TXN100080,USER1080,21.71,P2P,Hyderabad,Web,2025-03-15,5,Retail,1
TXN100081,USER1081,15.96,Merchant,Hyderabad,Web,2025-02-15,5,Real Estate,1
TXN100082,USER1082,8.94,P2P,Pune,Android,2025-03-23,1,Travel,0
TXN100083,USER1083,2.53,Merchant,Kolkata,Android,2025-09-28,1,Retail,0
TXN100084,USER1084,8.46,P2P,Pune,Web,2025-03-05,5,Education,0
TXN100085,USER1085,8.8,P2P,Mumbai,Android,2025-12-11,3,Travel,0
TXN100086,USER1086,18.51,Merchant,Hyderabad,Android,2025-12-23,3,Real Estate,0
TXN100087,USER1087,16.3,P2P,Chennai,iOS,2025-10-24,2,Travel,0
TXN100088,USER1088,22.29,Merchant,Delhi,iOS,2025-01-13,4,Retail,1
TXN100089,USER1089,12.33,P2P,Kolkata,iOS,2025-09-09,2,Electronics,0
TXN100090,USER1090,3.87,Merchant,Bangalore,iOS,2025-08-02,4,Electronics,0
TXN100091,USER1091,18.12,Merchant,Chennai,Android,2025-03-11,1,Real Estate,0
TXN100092,USER1092,19.26,Merchant,Kolkata,Web,2025-09-17,0,Real Estate,0
TXN100093,USER1093,14.47,Merchant,Pune,Android,2025-04-30,2,Electronics,0
TXN100094,USER1094,19.5,P2P,Pune,Android,2025-10-26,2,Real Estate,0
TXN100095,USER1095,12.85,P2P,Chennai,Android,2025-11-09,4,Travel,0
TXN100096,USER1096,13.55,Merchant,Pune,iOS,2025-09-06,1,Education,0
TXN100097,USER1097,11.26,Merchant,Hyderabad,iOS,2025-12-07,1,Education,0
TXN100098,USER1098,1.61,Merchant,Mumbai,iOS,2025-07-20,4,Travel,0
TXN100099,USER1099,3.59,P2P,Delhi,Web,2025-05-30,1,Education,0
TXN100100,USER1100,1.75,P2P,Mumbai,Android,2025-07-13,5,Retail,0
TXN100101,USER1101,16.27,P2P,Kolkata,Web,2025-07-12,3,Travel,0
TXN100102,USER1102,8.54,P2P,Delhi,iOS,2025-09-18,5,Real Estate,0
TXN100103,USER1103,13.21,Merchant,Delhi,Web,2025-02-14,0,Travel,0
TXN100104,USER1104,22.78,Merchant,Mumbai,Android,2025-09-07,2,Electronics,0
TXN100105,USER1105,6.98,Merchant,Chennai,Android,2025-08-29,0,Real Estate,0
TXN100106,USER1106,10.85,P2P,Delhi,iOS,2025-04-11,2,Electronics,0
TXN100107,USER1107,19.13,P2P,Mumbai,iOS,2025-02-11,3,Real Estate,0
TXN100108,USER1108,6.49,P2P,Delhi,Web,2025-11-09,1,Education,0
TXN100109,USER1109,2.85,Merchant,Bangalore,iOS,2025-09-05,5,Travel,0
TXN100110,USER1110,7.95,Merchant,Chennai,iOS,2025-06-02,4,Retail,0
TXN100111,USER1111,4.87,P2P,Hyderabad,Android,2025-04-10,5,Real Estate,0
TXN100112,USER1112,23.31,Merchant,Delhi,iOS,2025-08-05,3,Real Estate,0
TXN100113,USER1113,20.39,P2P,Bangalore,iOS,2025-08-19,0,Electronics,0
TXN100114,USER1114,16.2,P2P,Hyderabad,Android,2025-12-10,4,Education,1
TXN100115,USER1115,21.92,Merchant,Hyderabad,Android,2025-06-27,1,Electronics,0
TXN100116,USER1116,20.29,P2P,Kolkata,Web,2025-10-08,3,Electronics,0
TXN100117,USER1117,5.48,Merchant,Delhi,iOS,2025-06-23,4,Education,0
TXN100118,USER1118,22.42,P2P,Mumbai,Android,2025-05-31,3,Retail,0
TXN100119,USER1119,13.94,Merchant,Delhi,Web,2025-05-07,3,Electronics,0
TXN100120,USER1120,20.38,Merchant,Bangalore,Web,2025-10-24,1,Electronics,0
TXN100121,USER1121,22.51,Merchant,Hyderabad,iOS,2025-02-02,2,Real Estate,0
TXN100122,USER1122,8.63,P2P,Delhi,iOS,2025-04-23,4,Education,0
TXN100123,USER1123,3.64,P2P,Mumbai,Web,2025-07-06,1,Travel,0
TXN100124,USER1124,6.47,Merchant,Kolkata,Android,2025-09-11,3,Retail,0
TXN100125,USER1125,11.25,Merchant,Delhi,Web,2025-01-26,1,Retail,0
TXN100126,USER1126,20.63,P2P,Chennai,iOS,2025-03-09,2,Education,0
TXN100127,USER1127,21.66,P2P,Kolkata,Android,2025-11-18,5,Real Estate,1
TXN100128,USER1128,1.17,P2P,Mumbai,Android,2025-12-21,4,Real Estate,0
TXN100129,USER1129,13.26,Merchant,Bangalore,Web,2025-11-24,2,Education,0
TXN100130,USER1130,11.02,P2P,Hyderabad,iOS,2025-04-07,0,Real Estate,0
TXN100131,USER1131,6.33,P2P,Delhi,Web,2025-08-18,4,Retail,0
TXN100132,USER1132,3.88,Merchant,Mumbai,Web,2025-09-12,2,Retail,0
TXN100133,USER1133,9.1,P2P,Kolkata,Web,2025-01-01,3,Travel,0
TXN100134,USER1134,23.63,P2P,Chennai,Android,2025-03-27,4,Education,1
TXN100135,USER1135,8.76,P2P,Mumbai,Android,2025-01-30,4,Electronics,0
TXN100136,USER1136,13.45,Merchant,Pune,iOS,2025-10-12,1,Electronics,0
TXN100137,USER1137,17.87,Merchant,Chennai,iOS,2025-02-19,3,Travel,0
TXN100138,USER1138,9.73,Merchant,Kolkata,Web,2025-07-01,0,Travel,0
TXN100139,USER1139,24.32,Merchant,Bangalore,Web,2025-06-02,5,Real Estate,1
TXN100140,USER1140,24.1,Merchant,Hyderabad,Web,2025-01-15,2,Travel,0
TXN100141,USER1141,7.04,Merchant,Kolkata,iOS,2025-06-04,1,Travel,0
TXN100142,USER1142,12.93,Merchant,Bangalore,Android,2025-04-09,2,Electronics,0
TXN100143,USER1143,8.22,P2P,Delhi,Android,2025-08-24,0,Real Estate,0
TXN100144,USER1144,7.84,P2P,Mumbai,Web,2025-01-22,0,Travel,0
TXN100145,USER1145,1.89,Merchant,Pune,Web,2025-11-13,4,Travel,0
TXN100146,USER1146,15.63,P2P,Chennai,Web,2025-05-11,0,Real Estate,0
TXN100147,USER1147,13.06,P2P,Chennai,Web,2025-05-15,2,Education,0
TXN100148,USER1148,2.24,Merchant,Mumbai,iOS,2025-03-26,3,Real Estate,0
TXN100149,USER1149,7.69,P2P,Pune,Android,2025-12-06,3,Electronics,0
TXN100150,USER1150,22.8,P2P,Mumbai,Web,2025-03-21,4,Education,1
TXN100151,USER1151,6.75,P2P,Delhi,iOS,2025-12-30,5,Retail,0
TXN100152,USER1152,4.48,P2P,Bangalore,Web,2025-10-26,2,Real Estate,0
TXN100153,USER1153,12.75,P2P,Kolkata,Web,2025-02-14,2,Electronics,0
TXN100154,USER1154,24.66,Merchant,Chennai,Android,2025-02-14,0,Education,0
TXN100155,USER1155,6.81,Merchant,Delhi,Web,2025-02-04,2,Real Estate,0
TXN100156,USER1156,17.13,Merchant,Bangalore,Android,2025-05-22,1,Travel,0
TXN100157,USER1157,19.28,P2P,Delhi,Android,2025-06-17,5,Real Estate,1
TXN100158,USER1158,6.7,Merchant,Pune,Android,2025-01-20,0,Retail,0
TXN100159,USER1159,18.48,P2P,Chennai,iOS,2025-08-08,1,Real Estate,0
TXN100160,USER1160,9.83,P2P,Kolkata,iOS,2025-05-05,4,Education,0
TXN100161,USER1161,16.18,P2P,Mumbai,Android,2025-03-16,3,Education,0
TXN100162,USER1162,16.2,P2P,Mumbai,Web,2025-05-18,4,Real Estate,1
TXN100163,USER1163,13.86,Merchant,Bangalore,Android,2025-11-17,3,Education,0
TXN100164,USER1164,3.17,Merchant,Kolkata,Web,2025-01-20,4,Travel,0
TXN100165,USER1165,21.05,P2P,Hyderabad,Android,2025-09-08,2,Real Estate,0
TXN100166,USER1166,8.7,Merchant,Pune,Web,2025-06-10,1,Travel,0
TXN100167,USER1167,5.48,P2P,Bangalore,iOS,2025-02-28,3,Travel,0
TXN100168,USER1168,1.98,Merchant,Hyderabad,Web,2025-07-25,0,Electronics,0
TXN100169,USER1169,15.18,Merchant,Delhi,Android,2025-10-08,1,Real Estate,0
TXN100170,USER1170,17.26,P2P,Pune,iOS,2025-10-26,0,Education,0
TXN100171,USER1171,1.4,Merchant,Delhi,Web,2025-01-04,1,Travel,0
TXN100172,USER1172,13.29,P2P,Kolkata,Web,2025-06-19,1,Electronics,0
TXN100173,USER1173,6.44,Merchant,Chennai,Web,2025-08-03,4,Real Estate,0
TXN100174,USER1174,16.48,P2P,Pune,Web,2025-11-10,3,Real Estate,0
TXN100175,USER1175,5.18,P2P,Hyderabad,Web,2025-10-15,3,Retail,0
TXN100176,USER1176,17.58,Merchant,Chennai,iOS,2025-05-29,1,Retail,0
TXN100177,USER1177,10.28,Merchant,Mumbai,iOS,2025-04-16,2,Travel,0
TXN100178,USER1178,23.48,P2P,Hyderabad,iOS,2025-04-23,2,Retail,0
TXN100179,USER1179,4.3,Merchant,Bangalore,iOS,2025-09-01,0,Travel,0
TXN100180,USER1180,9.19,Merchant,Mumbai,Android,2025-11-18,0,Education,0
TXN100181,USER1181,3.72,P2P,Mumbai,iOS,2025-05-13,4,Travel,0
TXN100182,USER1182,23.19,P2P,Bangalore,Web,2025-03-27,1,Retail,0
TXN100183,USER1183,22.06,Merchant,Pune,Web,2025-01-13,0,Education,0
TXN100184,USER1184,7.19,P2P,Mumbai,iOS,2025-09-06,0,Retail,0
TXN100185,USER1185,16.84,P2P,Kolkata,Web,2025-01-04,5,Travel,1
TXN100186,USER1186,20.61,P2P,Hyderabad,iOS,2025-06-06,1,Electronics,0
TXN100187,USER1187,14.32,Merchant,Chennai,Web,2025-10-04,4,Real Estate,0
TXN100188,USER1188,13.71,Merchant,Mumbai,Android,2025-11-02,0,Retail,0
TXN100189,USER1189,6.8,P2P,Hyderabad,Android,2025-09-30,4,Travel,0
TXN100190,USER1190,3.23,Merchant,Delhi,iOS,2025-03-24,3,Education,0
TXN100191,USER1191,22.53,P2P,Hyderabad,iOS,2025-11-10,4,Retail,1
TXN100192,USER1192,22.61,Merchant,Chennai,iOS,2025-05-13,2,Retail,0
TXN100193,USER1193,16.19,P2P,Hyderabad,Web,2025-07-04,2,Real Estate,0
TXN100194,USER1194,9.14,P2P,Bangalore,iOS,2025-04-18,4,Travel,0
TXN100195,USER1195,9.38,Merchant,Chennai,Android,2025-11-14,2,Electronics,0
TXN100196,USER1196,18.42,P2P,Pune,Web,2025-11-16,3,Education,0
TXN100197,USER1197,22.53,Merchant,Delhi,iOS,2025-01-09,1,Travel,0
TXN100198,USER1198,22.29,Merchant,Bangalore,Web,2025-02-22,2,Education,0
TXN100199,USER1199,19.72,P2P,Pune,Web,2025-12-12,2,Retail,0
TXN100200,USER1200,16.41,P2P,Hyderabad,iOS,2025-07-02,4,Real Estate,1
TXN100201,USER1201,3.02,Merchant,Chennai,Web,2025-09-01,3,Real Estate,0
TXN100202,USER1202,4.88,P2P,Delhi,Android,2025-05-27,1,Electronics,0
TXN100203,USER1203,22.57,P2P,Bangalore,Android,2025-02-15,4,Real Estate,1
TXN100204,USER1204,15.55,P2P,Pune,Web,2025-08-18,4,Retail,1
TXN100205,USER1205,1.22,P2P,Pune,iOS,2025-09-17,5,Electronics,0
TXN100206,USER1206,3.44,P2P,Delhi,Web,2025-12-10,3,Travel,0
TXN100207,USER1207,16.92,Merchant,Kolkata,Android,2025-12-29,1,Real Estate,0
TXN100208,USER1208,1.12,Merchant,Hyderabad,Web,2025-11-08,3,Electronics,0
TXN100209,USER1209,4.86,P2P,Delhi,Web,2025-05-01,1,Retail,0
TXN100210,USER1210,14.17,P2P,Pune,Android,2026-01-01,3,Education,0
TXN100211,USER1211,17.61,P2P,Mumbai,Web,2025-01-11,4,Education,1
TXN100212,USER1212,16.65,Merchant,Bangalore,Web,2025-05-10,4,Retail,1
TXN100213,USER1213,6.38,P2P,Delhi,iOS,2025-05-24,0,Retail,0
TXN100214,USER1214,18.09,Merchant,Kolkata,iOS,2025-10-23,2,Education,0
TXN100215,USER1215,6.69,Merchant,Pune,Android,2025-09-09,5,Electronics,0
TXN100216,USER1216,8.81,Merchant,Hyderabad,Android,2025-12-23,3,Education,0
TXN100217,USER1217,18.92,P2P,Pune,Android,2025-03-06,5,Retail,1
TXN100218,USER1218,16.59,Merchant,Hyderabad,iOS,2025-03-12,0,Real Estate,0
TXN100219,USER1219,21.38,P2P,Delhi,Android,2025-06-29,2,Travel,0
TXN100220,USER1220,16.78,Merchant,Hyderabad,Android,2025-03-31,3,Real Estate,0
TXN100221,USER1221,14.64,P2P,Chennai,Android,2025-03-20,1,Real Estate,0
TXN100222,USER1222,3.25,Merchant,Chennai,iOS,2025-03-23,2,Retail,0
TXN100223,USER1223,9.83,P2P,Chennai,Web,2025-06-21,4,Education,0
TXN100224,USER1224,7.36,Merchant,Kolkata,Android,2025-05-31,0,Electronics,0
TXN100225,USER1225,6.86,P2P,Kolkata,Web,2025-11-29,2,Real Estate,0
TXN100226,USER1226,24.35,P2P,Mumbai,Android,2025-04-21,2,Education,0
TXN100227,USER1227,10.43,P2P,Kolkata,Web,2025-07-22,4,Electronics,0
TXN100228,USER1228,22.41,P2P,Delhi,iOS,2025-06-29,3,Real Estate,0
TXN100229,USER1229,16.15,Merchant,Pune,iOS,2025-08-31,1,Electronics,0
TXN100230,USER1230,20.08,Merchant,Pune,Android,2025-10-08,4,Education,1
TXN100231,USER1231,13.06,P2P,Mumbai,Web,2025-06-11,1,Travel,0
TXN100232,USER1232,14.85,Merchant,Kolkata,iOS,2025-05-12,3,Education,0
TXN100233,USER1233,12.82,P2P,Hyderabad,Android,2025-02-02,2,Retail,0
TXN100234,USER1234,5.69,P2P,Mumbai,Android,2025-08-09,1,Electronics,0
TXN100235,USER1235,18.34,Merchant,Hyderabad,iOS,2025-08-21,0,Travel,0
TXN100236,USER1236,7.74,P2P,Hyderabad,iOS,2025-03-16,0,Electronics,0
TXN100237,USER1237,1.58,P2P,Bangalore,Android,2025-04-08,4,Electronics,0
TXN100238,USER1238,16.49,Merchant,Pune,Web,2025-04-20,3,Real Estate,0
TXN100239,USER1239,5.25,P2P,Chennai,Web,2025-04-29,4,Retail,0
TXN100240,USER1240,23.57,P2P,Kolkata,Web,2025-12-22,4,Electronics,1
TXN100241,USER1241,23.89,P2P,Hyderabad,Android,2025-08-15,5,Education,1
TXN100242,USER1242,22.96,P2P,Bangalore,iOS,2025-07-01,4,Education,1
TXN100243,USER1243,9.88,Merchant,Pune,Android,2025-04-17,5,Real Estate,0
TXN100244,USER1244,1.37,Merchant,Chennai,iOS,2025-04-04,0,Retail,0
TXN100245,USER1245,23.28,Merchant,Hyderabad,Web,2025-04-14,0,Retail,0
TXN100246,USER1246,11.28,P2P,Hyderabad,Web,2025-03-10,4,Education,0
TXN100247,USER1247,24.2,P2P,Mumbai,iOS,2025-12-29,0,Travel,0
TXN100248,USER1248,24.13,Merchant,Mumbai,iOS,2025-04-27,3,Real Estate,0
TXN100249,USER1249,21.47,P2P,Pune,Android,2025-07-19,5,Real Estate,1
TXN100250,USER1250,8.07,P2P,Chennai,Web,2025-12-12,5,Education,0
TXN100251,USER1251,10.24,P2P,Hyderabad,Android,2025-09-10,4,Education,0
TXN100252,USER1252,21.43,P2P,Pune,Android,2025-04-01,0,Travel,0
TXN100253,USER1253,8.61,Merchant,Pune,Android,2025-07-30,1,Travel,0
TXN100254,USER1254,5.07,Merchant,Delhi,Web,2025-10-11,5,Retail,0
TXN100255,USER1255,14.36,Merchant,Kolkata,Android,2025-09-03,4,Real Estate,0
TXN100256,USER1256,23.47,P2P,Mumbai,Android,2025-08-18,4,Real Estate,1
TXN100257,USER1257,17.7,Merchant,Chennai,Android,2025-03-30,3,Education,0
TXN100258,USER1258,14.68,Merchant,Hyderabad,Android,2025-11-25,2,Retail,0
TXN100259,USER1259,3.33,P2P,Pune,Android,2025-12-25,2,Real Estate,0
TXN100260,USER1260,15.76,P2P,Hyderabad,Android,2025-05-26,5,Retail,1
TXN100261,USER1261,24.76,Merchant,Delhi,Web,2025-06-04,3,Retail,0
TXN100262,USER1262,4.36,Merchant,Chennai,Android,2025-09-10,3,Education,0
TXN100263,USER1263,13.44,Merchant,Pune,iOS,2025-04-11,3,Retail,0
TXN100264,USER1264,22.06,Merchant,Hyderabad,Android,2025-10-10,5,Travel,1
TXN100265,USER1265,18.78,P2P,Mumbai,Android,2025-01-22,2,Travel,0
TXN100266,USER1266,17.73,Merchant,Kolkata,Web,2025-04-14,3,Electronics,0
TXN100267,USER1267,17.86,Merchant,Delhi,Web,2025-05-27,0,Education,0
TXN100268,USER1268,9.63,P2P,Chennai,iOS,2025-04-21,4,Electronics,0
TXN100269,USER1269,8.05,Merchant,Delhi,iOS,2025-03-20,4,Travel,0
TXN100270,USER1270,20.42,P2P,Mumbai,Web,2025-01-20,1,Electronics,0
TXN100271,USER1271,20.44,P2P,Chennai,Web,2025-10-13,1,Education,0
TXN100272,USER1272,21.81,P2P,Delhi,Android,2025-10-09,5,Education,1
TXN100273,USER1273,22.92,Merchant,Bangalore,Web,2025-12-08,5,Retail,1
TXN100274,USER1274,13.27,Merchant,Mumbai,iOS,2025-12-28,4,Real Estate,0
TXN100275,USER1275,13.04,P2P,Mumbai,Android,2025-03-01,0,Retail,0
TXN100276,USER1276,20.16,Merchant,Mumbai,iOS,2025-10-01,2,Education,0
TXN100277,USER1277,16.6,Merchant,Bangalore,Android,2025-11-12,2,Travel,0
TXN100278,USER1278,17.85,P2P,Bangalore,Web,2025-12-06,5,Travel,1
TXN100279,USER1279,20.1,P2P,Hyderabad,iOS,2025-11-20,0,Retail,0
TXN100280,USER1280,22.36,Merchant,Pune,Android,2025-10-16,5,Education,1
TXN100281,USER1281,9.11,P2P,Kolkata,Android,2025-05-11,2,Travel,0
TXN100282,USER1282,10.01,Merchant,Delhi,Web,2025-03-04,5,Education,0
TXN100283,USER1283,3.26,Merchant,Hyderabad,Web,2025-12-13,3,Travel,0
TXN100284,USER1284,14.88,Merchant,Delhi,Web,2025-04-19,5,Education,0
TXN100285,USER1285,1.86,Merchant,Kolkata,iOS,2025-07-16,4,Electronics,0
TXN100286,USER1286,12.17,P2P,Pune,Android,2025-04-16,5,Education,0
TXN100287,USER1287,14.02,P2P,Bangalore,Web,2025-05-17,4,Education,0
TXN100288,USER1288,7.88,P2P,Pune,iOS,2025-08-02,0,Retail,0
TXN100289,USER1289,15.18,P2P,Bangalore,iOS,2025-02-04,2,Electronics,0
TXN100290,USER1290,1.73,Merchant,Kolkata,iOS,2025-11-19,1,Real Estate,0
TXN100291,USER1291,1.9,Merchant,Pune,Web,2025-09-16,1,Retail,0
TXN100292,USER1292,20.74,P2P,Hyderabad,Web,2025-05-05,2,Real Estate,0
TXN100293,USER1293,9.64,Merchant,Chennai,Android,2025-03-05,1,Travel,0
TXN100294,USER1294,4.05,Merchant,Hyderabad,Android,2025-04-02,5,Real Estate,0
TXN100295,USER1295,13.53,Merchant,Delhi,Web,2025-01-12,0,Education,0
TXN100296,USER1296,19.48,P2P,Hyderabad,iOS,2025-12-20,0,Real Estate,0
TXN100297,USER1297,6.18,P2P,Kolkata,iOS,2025-07-04,2,Retail,0
TXN100298,USER1298,15.95,P2P,Mumbai,iOS,2025-07-02,1,Retail,0
TXN100299,USER1299,3.05,Merchant,Delhi,Android,2025-03-20,5,Real Estate,0
TXN100300,USER1300,2.24,P2P,Pune,iOS,2025-12-04,0,Retail,0
TXN100301,USER1301,13.75,P2P,Delhi,Android,2025-11-06,0,Retail,0
TXN100302,USER1302,13.98,P2P,Chennai,Android,2025-08-06,3,Real Estate,0
TXN100303,USER1303,16.3,P2P,Bangalore,iOS,2025-11-26,3,Electronics,0
TXN100304,USER1304,18.43,P2P,Pune,iOS,2025-11-11,0,Electronics,0
TXN100305,USER1305,24.42,P2P,Delhi,Web,2025-12-06,2,Travel,0
TXN100306,USER1306,13.39,Merchant,Pune,Web,2025-01-18,4,Retail,0
TXN100307,USER1307,8.75,Merchant,Pune,iOS,2025-07-06,4,Real Estate,0
TXN100308,USER1308,20.08,P2P,Pune,Android,2025-04-25,5,Retail,1
TXN100309,USER1309,7.5,P2P,Bangalore,Android,2025-04-23,0,Education,0
TXN100310,USER1310,11.54,Merchant,Kolkata,Android,2025-11-10,0,Retail,0
TXN100311,USER1311,2.88,Merchant,Hyderabad,Android,2025-02-10,0,Retail,0
TXN100312,USER1312,1.61,P2P,Pune,Android,2025-01-22,2,Electronics,0
TXN100313,USER1313,24.1,P2P,Mumbai,Web,2025-11-03,3,Real Estate,0
TXN100314,USER1314,21.06,P2P,Kolkata,iOS,2025-08-05,0,Retail,0
TXN100315,USER1315,17.7,P2P,Chennai,Web,2025-12-15,0,Electronics,0
TXN100316,USER1316,10.81,Merchant,Bangalore,Android,2025-06-30,1,Travel,0
TXN100317,USER1317,5.16,P2P,Delhi,Android,2025-09-15,2,Electronics,0
TXN100318,USER1318,4.75,P2P,Bangalore,Android,2025-05-04,5,Electronics,0
TXN100319,USER1319,7.01,P2P,Delhi,Android,2025-05-28,0,Electronics,0
TXN100320,USER1320,14.18,P2P,Bangalore,iOS,2025-10-21,1,Retail,0
TXN100321,USER1321,18.15,Merchant,Delhi,Android,2025-09-25,4,Retail,1
TXN100322,USER1322,16.84,Merchant,Pune,iOS,2025-09-20,5,Travel,1
TXN100323,USER1323,7.72,Merchant,Hyderabad,Android,2025-05-07,0,Education,0
TXN100324,USER1324,23.92,P2P,Delhi,iOS,2025-07-31,0,Education,0
TXN100325,USER1325,18.71,P2P,Delhi,Web,2025-06-11,1,Education,0
TXN100326,USER1326,14.3,Merchant,Mumbai,Android,2025-02-25,2,Travel,0
TXN100327,USER1327,15.68,P2P,Delhi,iOS,2025-04-05,0,Education,0
TXN100328,USER1328,11.07,P2P,Mumbai,Web,2025-06-18,4,Education,0
TXN100329,USER1329,6.95,Merchant,Chennai,Android,2025-12-07,0,Electronics,0
TXN100330,USER1330,9.54,Merchant,Pune,Android,2025-10-02,4,Retail,0
TXN100331,USER1331,19.19,Merchant,Mumbai,Android,2025-11-03,5,Retail,1
TXN100332,USER1332,1.35,Merchant,Hyderabad,iOS,2025-07-01,5,Electronics,0
TXN100333,USER1333,3.79,P2P,Kolkata,iOS,2025-01-29,3,Electronics,0
TXN100334,USER1334,2.1,P2P,Pune,Web,2025-10-25,3,Electronics,0
TXN100335,USER1335,1.98,Merchant,Mumbai,iOS,2025-10-20,4,Retail,0
TXN100336,USER1336,21.53,P2P,Pune,iOS,2025-01-18,2,Education,0
TXN100337,USER1337,17.89,Merchant,Pune,Android,2025-11-16,0,Electronics,0
TXN100338,USER1338,12.38,Merchant,Pune,Android,2025-12-10,0,Travel,0
TXN100339,USER1339,3.35,P2P,Chennai,Android,2025-01-22,3,Electronics,0
TXN100340,USER1340,12.8,Merchant,Hyderabad,Android,2025-03-25,4,Real Estate,0
TXN100341,USER1341,12.36,P2P,Bangalore,Android,2025-11-19,0,Electronics,0
TXN100342,USER1342,5.16,P2P,Bangalore,Android,2025-12-02,0,Retail,0
TXN100343,USER1343,11.41,P2P,Mumbai,Android,2025-01-17,2,Electronics,0
TXN100344,USER1344,10.56,P2P,Pune,Web,2025-04-11,1,Real Estate,0
TXN100345,USER1345,15.78,Merchant,Mumbai,Web,2025-09-03,3,Travel,0
TXN100346,USER1346,16.24,P2P,Chennai,Web,2025-10-26,3,Education,0
TXN100347,USER1347,2.09,Merchant,Chennai,Web,2025-12-09,1,Electronics,0
TXN100348,USER1348,9.99,Merchant,Delhi,Android,2025-09-24,0,Real Estate,0
TXN100349,USER1349,16.02,Merchant,Chennai,Web,2025-02-14,2,Real Estate,0
TXN100350,USER1350,13.08,Merchant,Delhi,Android,2025-08-26,2,Travel,0
TXN100351,USER1351,21.56,P2P,Hyderabad,Web,2025-05-06,3,Retail,0
TXN100352,USER1352,16.81,P2P,Mumbai,iOS,2025-09-12,2,Electronics,0
TXN100353,USER1353,4.91,Merchant,Kolkata,Web,2025-10-02,5,Real Estate,0
TXN100354,USER1354,2.69,Merchant,Hyderabad,Web,2025-01-19,1,Travel,0
TXN100355,USER1355,16.42,P2P,Chennai,Android,2025-05-29,0,Education,0
TXN100356,USER1356,1.64,Merchant,Hyderabad,Web,2025-10-31,5,Real Estate,0
TXN100357,USER1357,15.06,P2P,Hyderabad,iOS,2025-09-01,1,Travel,0
TXN100358,USER1358,23.57,Merchant,Hyderabad,Android,2025-06-27,4,Retail,1
TXN100359,USER1359,14.81,P2P,Chennai,Android,2025-03-05,3,Retail,0
TXN100360,USER1360,10.32,Merchant,Kolkata,Web,2025-08-13,2,Real Estate,0
TXN100361,USER1361,16.44,Merchant,Pune,Android,2025-11-26,4,Real Estate,1
TXN100362,USER1362,12.0,P2P,Hyderabad,Android,2025-12-23,2,Electronics,0
TXN100363,USER1363,14.09,Merchant,Delhi,Android,2025-01-08,5,Travel,0
TXN100364,USER1364,23.6,Merchant,Chennai,Android,2025-12-02,0,Real Estate,0
TXN100365,USER1365,10.27,P2P,Hyderabad,Android,2025-10-05,0,Electronics,0
TXN100366,USER1366,24.07,Merchant,Kolkata,Android,2025-07-10,0,Electronics,0
TXN100367,USER1367,22.73,P2P,Pune,iOS,2025-12-13,2,Real Estate,0
TXN100368,USER1368,5.7,P2P,Chennai,Web,2025-04-12,4,Retail,0
TXN100369,USER1369,2.66,Merchant,Bangalore,iOS,2025-06-27,0,Travel,0
TXN100370,USER1370,3.42,Merchant,Pune,Android,2025-01-03,4,Travel,0
TXN100371,USER1371,1.44,Merchant,Delhi,Android,2025-01-03,2,Retail,0
TXN100372,USER1372,3.27,Merchant,Hyderabad,Web,2025-06-19,5,Real Estate,0
TXN100373,USER1373,17.39,Merchant,Kolkata,iOS,2025-07-26,4,Travel,1
TXN100374,USER1374,2.71,Merchant,Bangalore,Web,2025-04-05,5,Real Estate,0
TXN100375,USER1375,8.66,Merchant,Kolkata,iOS,2025-06-20,2,Real Estate,0
TXN100376,USER1376,21.28,P2P,Bangalore,Android,2025-03-02,2,Electronics,0
TXN100377,USER1377,1.56,Merchant,Chennai,Web,2025-10-03,3,Retail,0
TXN100378,USER1378,20.55,P2P,Bangalore,Web,2025-03-22,2,Real Estate,0
TXN100379,USER1379,7.76,Merchant,Delhi,Android,2025-03-08,2,Education,0
TXN100380,USER1380,3.84,Merchant,Delhi,Web,2025-06-12,1,Retail,0
TXN100381,USER1381,17.72,P2P,Mumbai,iOS,2025-05-27,0,Travel,0
TXN100382,USER1382,16.09,Merchant,Delhi,iOS,2025-01-05,3,Electronics,0
TXN100383,USER1383,22.06,Merchant,Pune,iOS,2025-02-01,3,Travel,0
TXN100384,USER1384,18.64,P2P,Bangalore,iOS,2025-03-03,3,Travel,0
TXN100385,USER1385,20.28,Merchant,Delhi,Android,2025-12-09,1,Retail,0
TXN100386,USER1386,7.77,Merchant,Chennai,Web,2025-10-28,5,Travel,0
TXN100387,USER1387,5.26,Merchant,Kolkata,iOS,2025-05-30,2,Real Estate,0
TXN100388,USER1388,19.01,P2P,Kolkata,Android,2025-06-24,0,Travel,0
TXN100389,USER1389,20.36,Merchant,Mumbai,Web,2025-09-18,4,Electronics,1
TXN100390,USER1390,24.77,Merchant,Kolkata,Web,2025-10-25,5,Electronics,1
TXN100391,USER1391,10.9,Merchant,Bangalore,Android,2025-07-20,2,Education,0
TXN100392,USER1392,9.93,Merchant,Mumbai,Android,2025-10-02,1,Electronics,0
TXN100393,USER1393,19.63,P2P,Bangalore,iOS,2025-09-18,2,Travel,0
TXN100394,USER1394,9.18,P2P,Chennai,Web,2025-11-18,2,Electronics,0
TXN100395,USER1395,23.34,Merchant,Mumbai,Web,2025-07-09,1,Retail,0
TXN100396,USER1396,21.6,Merchant,Hyderabad,Android,2025-02-14,3,Electronics,0
TXN100397,USER1397,11.3,P2P,Pune,Web,2025-11-06,3,Real Estate,0
TXN100398,USER1398,19.02,P2P,Pune,iOS,2025-05-12,0,Retail,0
TXN100399,USER1399,19.11,Merchant,Bangalore,Web,2025-05-04,0,Education,0
TXN100400,USER1400,3.47,P2P,Kolkata,Android,2025-08-14,3,Real Estate,0
TXN100401,USER1401,22.66,Merchant,Hyderabad,Android,2025-09-05,5,Travel,1
TXN100402,USER1402,13.13,P2P,Mumbai,iOS,2025-02-02,4,Travel,0
TXN100403,USER1403,20.83,P2P,Hyderabad,iOS,2025-06-04,2,Travel,0
TXN100404,USER1404,8.68,P2P,Hyderabad,Web,2025-12-07,4,Real Estate,0
TXN100405,USER1405,22.49,P2P,Kolkata,Web,2025-11-10,2,Real Estate,0
TXN100406,USER1406,10.34,Merchant,Mumbai,Android,2025-07-20,3,Real Estate,0
TXN100407,USER1407,1.26,P2P,Chennai,iOS,2025-04-24,0,Retail,0
TXN100408,USER1408,22.73,P2P,Kolkata,iOS,2025-12-21,5,Retail,1
TXN100409,USER1409,3.19,Merchant,Hyderabad,iOS,2025-02-09,0,Travel,0
TXN100410,USER1410,8.66,P2P,Hyderabad,Web,2025-12-29,4,Electronics,0
TXN100411,USER1411,23.8,P2P,Chennai,iOS,2025-08-17,0,Travel,0
TXN100412,USER1412,23.81,Merchant,Hyderabad,Android,2025-02-04,3,Education,0
TXN100413,USER1413,14.76,P2P,Hyderabad,Android,2025-08-23,5,Retail,0
TXN100414,USER1414,16.16,Merchant,Hyderabad,Web,2025-09-20,4,Real Estate,1
TXN100415,USER1415,11.76,Merchant,Pune,Web,2025-12-23,5,Retail,0
TXN100416,USER1416,8.04,Merchant,Kolkata,iOS,2025-08-15,2,Real Estate,0
TXN100417,USER1417,8.89,Merchant,Delhi,Web,2025-03-03,0,Education,0
TXN100418,USER1418,17.14,P2P,Kolkata,Android,2025-05-19,5,Education,1
TXN100419,USER1419,19.06,Merchant,Chennai,iOS,2025-03-28,1,Retail,0
TXN100420,USER1420,20.0,P2P,Hyderabad,Android,2025-10-18,0,Real Estate,0
TXN100421,USER1421,19.95,P2P,Kolkata,iOS,2025-08-06,2,Education,0
TXN100422,USER1422,3.19,P2P,Pune,Web,2025-09-09,5,Travel,0
TXN100423,USER1423,12.87,P2P,Chennai,iOS,2025-07-24,4,Travel,0
TXN100424,USER1424,2.38,P2P,Bangalore,iOS,2025-03-10,2,Real Estate,0
TXN100425,USER1425,14.19,P2P,Kolkata,Android,2025-07-16,1,Retail,0
TXN100426,USER1426,11.6,P2P,Bangalore,Android,2025-05-09,5,Education,0
TXN100427,USER1427,22.3,P2P,Hyderabad,iOS,2025-08-02,3,Retail,0
TXN100428,USER1428,9.42,P2P,Pune,Web,2025-10-15,0,Travel,0
TXN100429,USER1429,3.81,P2P,Pune,Web,2025-09-29,4,Education,0
TXN100430,USER1430,4.43,Merchant,Kolkata,Android,2025-08-30,3,Retail,0
TXN100431,USER1431,19.28,Merchant,Chennai,Web,2025-02-03,5,Electronics,1
TXN100432,USER1432,15.84,Merchant,Chennai,Android,2025-06-23,5,Real Estate,1
TXN100433,USER1433,3.43,P2P,Pune,Web,2025-08-09,2,Real Estate,0
TXN100434,USER1434,3.02,Merchant,Chennai,iOS,2025-10-22,5,Electronics,0
TXN100435,USER1435,17.82,Merchant,Pune,Android,2025-05-22,4,Travel,1
TXN100436,USER1436,2.75,Merchant,Kolkata,Android,2025-10-18,3,Education,0
TXN100437,USER1437,20.72,P2P,Delhi,iOS,2025-06-14,4,Real Estate,1
TXN100438,USER1438,17.95,P2P,Pune,Android,2025-01-16,1,Electronics,0
TXN100439,USER1439,2.95,P2P,Bangalore,Web,2025-09-16,1,Electronics,0
TXN100440,USER1440,3.04,P2P,Chennai,Web,2025-08-11,0,Travel,0
TXN100441,USER1441,24.68,Merchant,Pune,Android,2025-11-24,0,Travel,0
TXN100442,USER1442,9.98,Merchant,Pune,Web,2025-02-08,1,Retail,0
TXN100443,USER1443,9.9,Merchant,Kolkata,Android,2025-07-06,5,Real Estate,0
TXN100444,USER1444,20.51,Merchant,Chennai,iOS,2025-04-26,4,Retail,1
TXN100445,USER1445,23.73,P2P,Delhi,Android,2025-03-05,1,Electronics,0
TXN100446,USER1446,24.66,P2P,Kolkata,iOS,2025-10-09,0,Education,0
TXN100447,USER1447,19.08,P2P,Delhi,Web,2025-07-31,1,Education,0
TXN100448,USER1448,10.03,Merchant,Kolkata,iOS,2025-05-11,5,Travel,0
TXN100449,USER1449,3.0,P2P,Chennai,Web,2025-11-17,1,Education,0
TXN100450,USER1450,19.65,P2P,Mumbai,Android,2025-01-21,4,Education,1
TXN100451,USER1451,14.4,Merchant,Chennai,Web,2025-08-14,3,Education,0
TXN100452,USER1452,11.18,Merchant,Chennai,Android,2025-09-05,5,Electronics,0
TXN100453,USER1453,22.75,P2P,Delhi,Android,2025-08-05,0,Education,0
TXN100454,USER1454,3.67,P2P,Delhi,iOS,2025-06-09,4,Education,0
TXN100455,USER1455,12.82,P2P,Chennai,iOS,2025-03-29,1,Education,0
TXN100456,USER1456,1.27,P2P,Chennai,iOS,2025-10-05,1,Retail,0
TXN100457,USER1457,12.25,P2P,Chennai,iOS,2025-12-20,3,Electronics,0
TXN100458,USER1458,2.35,P2P,Delhi,Web,2025-01-27,0,Travel,0
TXN100459,USER1459,3.85,Merchant,Chennai,Web,2025-09-20,0,Retail,0
TXN100460,USER1460,3.82,Merchant,Chennai,Web,2025-05-09,2,Real Estate,0
TXN100461,USER1461,16.58,Merchant,Hyderabad,Android,2025-09-01,0,Electronics,0
TXN100462,USER1462,18.91,P2P,Mumbai,Web,2025-03-23,3,Electronics,0
TXN100463,USER1463,15.0,Merchant,Bangalore,Web,2025-01-13,2,Real Estate,0
TXN100464,USER1464,24.09,P2P,Mumbai,Web,2025-04-25,2,Real Estate,0
TXN100465,USER1465,10.0,P2P,Hyderabad,iOS,2025-10-04,1,Real Estate,0
TXN100466,USER1466,7.86,Merchant,Bangalore,Web,2025-12-11,1,Travel,0
TXN100467,USER1467,21.85,P2P,Kolkata,Android,2025-12-20,0,Education,0
TXN100468,USER1468,6.37,P2P,Chennai,iOS,2025-04-09,2,Electronics,0
TXN100469,USER1469,24.12,Merchant,Hyderabad,Android,2025-04-02,1,Education,0
TXN100470,USER1470,1.29,Merchant,Kolkata,Web,2025-07-25,3,Education,0
TXN100471,USER1471,24.28,Merchant,Chennai,iOS,2025-04-26,1,Real Estate,0
TXN100472,USER1472,2.04,P2P,Delhi,Android,2025-01-15,5,Travel,0
TXN100473,USER1473,22.39,Merchant,Pune,Web,2025-01-31,5,Retail,1
TXN100474,USER1474,13.66,Merchant,Hyderabad,Android,2025-08-18,1,Travel,0
TXN100475,USER1475,24.83,P2P,Delhi,Android,2025-12-29,2,Education,0
TXN100476,USER1476,2.77,Merchant,Hyderabad,Android,2025-06-17,2,Travel,0
TXN100477,USER1477,14.29,Merchant,Hyderabad,Web,2025-06-17,4,Real Estate,0
TXN100478,USER1478,24.26,Merchant,Delhi,Web,2025-02-26,5,Retail,1
TXN100479,USER1479,13.55,P2P,Bangalore,Android,2025-07-03,3,Real Estate,0
TXN100480,USER1480,16.11,P2P,Mumbai,iOS,2025-09-22,2,Retail,0
TXN100481,USER1481,17.7,P2P,Chennai,iOS,2025-08-30,0,Education,0
TXN100482,USER1482,11.91,P2P,Hyderabad,Web,2025-12-04,5,Retail,0
TXN100483,USER1483,16.06,Merchant,Chennai,Web,2025-12-02,3,Retail,0
TXN100484,USER1484,15.02,P2P,Pune,Web,2025-05-29,3,Retail,0
TXN100485,USER1485,22.63,P2P,Delhi,Web,2025-12-27,2,Travel,0
TXN100486,USER1486,2.09,Merchant,Chennai,Web,2025-09-11,3,Travel,0
TXN100487,USER1487,7.74,Merchant,Delhi,iOS,2025-11-16,2,Education,0
TXN100488,USER1488,23.81,Merchant,Chennai,Web,2025-05-27,1,Retail,0
TXN100489,USER1489,22.37,P2P,Mumbai,Android,2025-02-04,5,Electronics,1
TXN100490,USER1490,11.94,P2P,Mumbai,Android,2025-08-03,4,Education,0
TXN100491,USER1491,15.88,P2P,Mumbai,iOS,2025-04-09,1,Retail,0
TXN100492,USER1492,7.66,Merchant,Mumbai,Android,2025-12-04,5,Retail,0
TXN100493,USER1493,5.51,Merchant,Mumbai,iOS,2025-01-07,2,Travel,0
TXN100494,USER1494,12.13,P2P,Mumbai,iOS,2025-10-27,5,Education,0
TXN100495,USER1495,9.48,Merchant,Delhi,Android,2025-04-08,2,Retail,0
TXN100496,USER1496,15.01,Merchant,Hyderabad,Web,2025-12-27,1,Retail,0
TXN100497,USER1497,2.87,Merchant,Chennai,Android,2025-01-13,0,Education,0
TXN100498,USER1498,24.39,P2P,Mumbai,Android,2025-01-23,0,Electronics,0
TXN100499,USER1499,24.67,Merchant,Delhi,iOS,2025-12-26,5,Education,1
TXN100500,USER1500,17.76,Merchant,Delhi,Android,2025-02-27,0,Education,0
TXN100501,USER1501,13.87,P2P,Delhi,iOS,2025-03-06,2,Electronics,0
TXN100502,USER1502,8.43,P2P,Hyderabad,Web,2025-01-10,3,Education,0
TXN100503,USER1503,20.53,Merchant,Chennai,Web,2025-09-21,2,Retail,0
TXN100504,USER1504,17.43,Merchant,Hyderabad,Web,2025-12-26,3,Education,0
TXN100505,USER1505,4.9,P2P,Bangalore,Android,2025-06-12,1,Electronics,0
TXN100506,USER1506,22.86,P2P,Kolkata,iOS,2025-02-22,4,Real Estate,1
TXN100507,USER1507,20.74,Merchant,Delhi,Web,2025-02-19,3,Education,0
TXN100508,USER1508,23.8,Merchant,Bangalore,iOS,2025-09-18,0,Travel,0
TXN100509,USER1509,18.42,Merchant,Pune,iOS,2025-09-18,2,Retail,0
TXN100510,USER1510,15.72,Merchant,Mumbai,Web,2025-12-10,1,Retail,0
TXN100511,USER1511,11.04,P2P,Kolkata,Web,2025-06-25,0,Travel,0
TXN100512,USER1512,23.39,Merchant,Mumbai,iOS,2025-08-29,1,Travel,0
TXN100513,USER1513,21.79,Merchant,Hyderabad,Web,2025-07-21,4,Education,1
TXN100514,USER1514,2.09,P2P,Kolkata,iOS,2025-08-04,2,Travel,0
TXN100515,USER1515,1.63,Merchant,Chennai,iOS,2025-11-22,5,Real Estate,0
TXN100516,USER1516,10.04,P2P,Bangalore,Web,2025-11-28,2,Electronics,0
TXN100517,USER1517,20.45,Merchant,Chennai,Android,2025-05-04,4,Travel,1
TXN100518,USER1518,24.69,Merchant,Hyderabad,Web,2025-02-13,2,Travel,0
TXN100519,USER1519,4.61,P2P,Mumbai,Android,2025-11-08,5,Real Estate,0
TXN100520,USER1520,15.26,P2P,Kolkata,iOS,2025-09-25,3,Retail,0
TXN100521,USER1521,10.14,Merchant,Chennai,iOS,2026-01-01,1,Retail,0
TXN100522,USER1522,24.28,Merchant,Chennai,Android,2025-10-16,5,Education,1
TXN100523,USER1523,21.21,Merchant,Mumbai,iOS,2025-09-06,0,Real Estate,0
TXN100524,USER1524,21.12,P2P,Kolkata,Android,2025-09-13,4,Electronics,1
TXN100525,USER1525,12.25,Merchant,Bangalore,Android,2025-09-29,3,Electronics,0
TXN100526,USER1526,10.96,P2P,Mumbai,iOS,2025-10-23,0,Real Estate,0
TXN100527,USER1527,7.56,P2P,Chennai,Android,2025-10-15,0,Electronics,0
TXN100528,USER1528,2.35,Merchant,Bangalore,Web,2025-12-14,4,Retail,0
TXN100529,USER1529,21.75,P2P,Bangalore,Web,2025-04-29,3,Electronics,0
TXN100530,USER1530,20.51,Merchant,Mumbai,iOS,2025-12-17,0,Electronics,0
TXN100531,USER1531,24.99,Merchant,Chennai,iOS,2025-10-13,0,Real Estate,0
TXN100532,USER1532,24.92,Merchant,Hyderabad,Android,2025-01-29,3,Real Estate,0
TXN100533,USER1533,14.33,Merchant,Chennai,Android,2025-04-12,2,Electronics,0
TXN100534,USER1534,19.46,Merchant,Delhi,Android,2025-02-25,0,Travel,0
TXN100535,USER1535,23.67,P2P,Kolkata,Android,2025-06-22,1,Real Estate,0
TXN100536,USER1536,21.39,P2P,Pune,Web,2025-10-24,3,Education,0
TXN100537,USER1537,6.94,Merchant,Hyderabad,Web,2025-03-04,0,Education,0
TXN100538,USER1538,11.81,Merchant,Bangalore,iOS,2025-07-23,4,Retail,0
TXN100539,USER1539,4.1,P2P,Hyderabad,Android,2025-12-29,5,Electronics,0
TXN100540,USER1540,23.9,P2P,Kolkata,Android,2025-09-17,1,Travel,0
TXN100541,USER1541,15.55,P2P,Bangalore,iOS,2025-02-02,5,Retail,1
TXN100542,USER1542,6.49,P2P,Kolkata,Android,2025-06-13,5,Electronics,0
TXN100543,USER1543,17.12,Merchant,Bangalore,Android,2025-09-10,0,Real Estate,0
TXN100544,USER1544,15.84,Merchant,Hyderabad,Android,2025-05-18,1,Education,0
TXN100545,USER1545,9.6,P2P,Bangalore,Android,2025-12-28,1,Travel,0
TXN100546,USER1546,3.73,Merchant,Bangalore,Android,2025-08-12,2,Education,0
TXN100547,USER1547,17.12,P2P,Delhi,iOS,2025-07-08,5,Real Estate,1
TXN100548,USER1548,13.49,Merchant,Chennai,Android,2025-09-01,1,Electronics,0
TXN100549,USER1549,19.54,P2P,Chennai,iOS,2025-09-02,2,Real Estate,0
TXN100550,USER1550,13.48,Merchant,Pune,Android,2025-05-04,3,Real Estate,0
TXN100551,USER1551,21.45,P2P,Pune,Web,2025-12-17,2,Education,0
TXN100552,USER1552,14.25,P2P,Delhi,Web,2025-07-12,4,Travel,0
TXN100553,USER1553,14.46,Merchant,Pune,Web,2025-08-04,0,Real Estate,0
TXN100554,USER1554,22.04,P2P,Kolkata,Web,2025-11-14,3,Education,0
TXN100555,USER1555,10.68,Merchant,Hyderabad,iOS,2025-08-08,3,Travel,0
TXN100556,USER1556,4.22,Merchant,Mumbai,iOS,2025-04-14,4,Electronics,0
TXN100557,USER1557,1.69,P2P,Kolkata,Android,2025-07-15,2,Electronics,0
TXN100558,USER1558,19.12,Merchant,Mumbai,Web,2025-06-30,0,Retail,0
TXN100559,USER1559,15.89,Merchant,Mumbai,iOS,2025-06-07,2,Education,0
TXN100560,USER1560,17.9,Merchant,Delhi,Android,2025-01-23,1,Travel,0
TXN100561,USER1561,6.11,Merchant,Kolkata,Android,2025-01-22,2,Real Estate,0
TXN100562,USER1562,4.27,Merchant,Delhi,iOS,2025-03-09,3,Electronics,0
TXN100563,USER1563,1.35,P2P,Bangalore,Web,2025-02-07,0,Travel,0
TXN100564,USER1564,9.41,Merchant,Mumbai,Android,2025-09-21,2,Education,0
TXN100565,USER1565,15.16,Merchant,Hyderabad,Web,2025-05-22,0,Retail,0
TXN100566,USER1566,10.41,Merchant,Pune,Web,2025-01-20,0,Electronics,0
TXN100567,USER1567,11.5,Merchant,Hyderabad,Web,2025-03-25,1,Travel,0
TXN100568,USER1568,22.7,Merchant,Pune,Android,2025-02-04,1,Travel,0
TXN100569,USER1569,9.36,P2P,Mumbai,Web,2025-09-28,3,Travel,0
TXN100570,USER1570,13.34,Merchant,Mumbai,Android,2025-06-09,4,Education,0
TXN100571,USER1571,19.81,P2P,Mumbai,Web,2025-07-19,0,Education,0
TXN100572,USER1572,10.52,P2P,Delhi,Android,2025-10-19,4,Education,0
TXN100573,USER1573,15.93,P2P,Kolkata,Web,2025-11-23,3,Real Estate,0
TXN100574,USER1574,21.7,P2P,Pune,iOS,2025-02-18,0,Travel,0
TXN100575,USER1575,23.79,Merchant,Kolkata,Web,2025-01-17,0,Electronics,0
TXN100576,USER1576,4.53,P2P,Delhi,Web,2025-02-22,5,Education,0
TXN100577,USER1577,23.24,P2P,Delhi,Android,2025-04-04,4,Education,1
TXN100578,USER1578,12.81,Merchant,Chennai,Android,2025-03-19,2,Travel,0
TXN100579,USER1579,7.2,Merchant,Hyderabad,Web,2025-12-05,1,Education,0
TXN100580,USER1580,12.02,Merchant,Hyderabad,iOS,2025-05-04,2,Real Estate,0
TXN100581,USER1581,24.52,P2P,Bangalore,iOS,2025-09-18,4,Real Estate,1
TXN100582,USER1582,12.82,Merchant,Delhi,Android,2025-01-29,1,Education,0
TXN100583,USER1583,8.89,Merchant,Pune,iOS,2025-10-15,2,Travel,0
TXN100584,USER1584,16.2,P2P,Chennai,Web,2025-11-13,5,Travel,1
TXN100585,USER1585,6.76,Merchant,Chennai,Android,2025-05-26,1,Travel,0
TXN100586,USER1586,2.82,Merchant,Kolkata,Web,2025-03-31,0,Retail,0
TXN100587,USER1587,4.09,Merchant,Hyderabad,Android,2025-05-11,2,Education,0
TXN100588,USER1588,4.07,Merchant,Delhi,Android,2025-07-25,1,Travel,0
TXN100589,USER1589,4.65,P2P,Bangalore,Android,2025-03-05,5,Real Estate,0
TXN100590,USER1590,4.33,Merchant,Delhi,Android,2025-01-30,1,Electronics,0
TXN100591,USER1591,16.38,Merchant,Kolkata,iOS,2025-01-14,1,Electronics,0
TXN100592,USER1592,5.37,P2P,Mumbai,Web,2025-07-24,5,Travel,0
TXN100593,USER1593,9.3,Merchant,Delhi,Web,2025-02-26,2,Electronics,0
TXN100594,USER1594,22.52,P2P,Kolkata,Web,2025-09-30,3,Electronics,0
TXN100595,USER1595,12.38,Merchant,Mumbai,Android,2025-03-31,2,Retail,0
TXN100596,USER1596,17.02,P2P,Mumbai,iOS,2025-12-09,4,Real Estate,1
TXN100597,USER1597,5.14,P2P,Bangalore,Web,2025-08-22,5,Real Estate,0
TXN100598,USER1598,5.61,P2P,Pune,iOS,2025-07-30,2,Retail,0
TXN100599,USER1599,1.98,P2P,Hyderabad,Android,2025-12-08,1,Retail,0
TXN100600,USER1600,5.05,Merchant,Delhi,Web,2025-01-17,5,Electronics,0
TXN100601,USER1601,7.69,P2P,Mumbai,iOS,2025-10-11,0,Education,0
TXN100602,USER1602,5.25,Merchant,Delhi,Android,2025-08-21,2,Electronics,0
TXN100603,USER1603,3.13,P2P,Pune,iOS,2025-04-03,5,Retail,0
TXN100604,USER1604,3.9,P2P,Hyderabad,Web,2025-08-26,2,Real Estate,0
TXN100605,USER1605,12.06,P2P,Pune,Web,2025-02-21,5,Electronics,0
TXN100606,USER1606,5.95,Merchant,Hyderabad,Android,2025-05-05,1,Education,0
TXN100607,USER1607,9.74,P2P,Chennai,Android,2025-05-27,0,Electronics,0
TXN100608,USER1608,13.08,Merchant,Hyderabad,Android,2025-04-28,0,Travel,0
TXN100609,USER1609,17.57,Merchant,Bangalore,iOS,2025-09-24,4,Electronics,1
TXN100610,USER1610,1.94,Merchant,Pune,iOS,2025-04-07,5,Retail,0
TXN100611,USER1611,20.19,Merchant,Mumbai,iOS,2025-05-05,2,Real Estate,0
TXN100612,USER1612,16.07,Merchant,Chennai,Android,2025-03-26,0,Real Estate,0
TXN100613,USER1613,2.96,Merchant,Bangalore,Web,2025-04-02,0,Retail,0
TXN100614,USER1614,21.97,Merchant,Delhi,Web,2025-01-26,3,Travel,0
TXN100615,USER1615,23.1,Merchant,Pune,iOS,2025-05-26,3,Retail,0
TXN100616,USER1616,2.47,Merchant,Kolkata,iOS,2025-01-06,0,Electronics,0
TXN100617,USER1617,7.65,P2P,Kolkata,Web,2025-12-16,5,Retail,0
TXN100618,USER1618,20.35,P2P,Mumbai,Web,2025-08-25,4,Retail,1
TXN100619,USER1619,18.96,P2P,Hyderabad,iOS,2025-08-10,0,Travel,0
TXN100620,USER1620,5.43,P2P,Mumbai,iOS,2025-01-31,1,Electronics,0
TXN100621,USER1621,6.02,P2P,Kolkata,Web,2025-11-02,2,Education,0
TXN100622,USER1622,9.89,Merchant,Delhi,Android,2025-05-28,4,Education,0
TXN100623,USER1623,12.63,Merchant,Chennai,iOS,2025-09-22,1,Real Estate,0
TXN100624,USER1624,15.84,Merchant,Chennai,Web,2025-10-04,4,Retail,1
TXN100625,USER1625,9.85,Merchant,Pune,Web,2025-02-21,1,Real Estate,0
TXN100626,USER1626,12.1,Merchant,Chennai,Web,2025-01-01,2,Travel,0
TXN100627,USER1627,18.94,Merchant,Pune,Web,2025-06-19,2,Education,0
TXN100628,USER1628,1.88,Merchant,Pune,Android,2025-06-16,3,Retail,0
TXN100629,USER1629,7.06,P2P,Pune,Web,2025-11-07,5,Travel,0
TXN100630,USER1630,18.12,P2P,Kolkata,iOS,2025-01-26,1,Travel,0
TXN100631,USER1631,22.48,P2P,Kolkata,Android,2025-12-13,3,Retail,0
TXN100632,USER1632,13.28,P2P,Hyderabad,Web,2025-09-13,1,Travel,0
TXN100633,USER1633,13.77,Merchant,Bangalore,Android,2025-07-20,3,Retail,0
TXN100634,USER1634,3.57,Merchant,Pune,iOS,2025-01-06,2,Retail,0
TXN100635,USER1635,11.74,Merchant,Pune,Web,2025-03-10,4,Electronics,0
TXN100636,USER1636,13.78,P2P,Bangalore,iOS,2025-12-25,3,Real Estate,0
TXN100637,USER1637,6.82,Merchant,Mumbai,Web,2025-11-05,1,Travel,0
TXN100638,USER1638,7.46,Merchant,Pune,Web,2025-02-16,1,Travel,0
TXN100639,USER1639,10.05,Merchant,Hyderabad,Web,2025-02-11,5,Electronics,0
TXN100640,USER1640,1.48,P2P,Chennai,Web,2025-10-21,2,Electronics,0
TXN100641,USER1641,8.73,Merchant,Chennai,Web,2025-03-13,1,Electronics,0
TXN100642,USER1642,6.07,P2P,Delhi,Android,2025-12-15,0,Education,0
TXN100643,USER1643,8.86,P2P,Delhi,Web,2025-07-19,4,Education,0
TXN100644,USER1644,3.87,P2P,Chennai,Web,2025-05-08,3,Education,0
TXN100645,USER1645,22.37,P2P,Chennai,Android,2025-08-09,5,Retail,1
TXN100646,USER1646,15.25,Merchant,Kolkata,Android,2025-03-31,4,Travel,1
TXN100647,USER1647,17.3,P2P,Hyderabad,Android,2025-06-18,2,Real Estate,0
TXN100648,USER1648,19.94,P2P,Bangalore,Android,2025-03-24,5,Retail,1
TXN100649,USER1649,12.96,Merchant,Delhi,Android,2025-09-09,3,Travel,0
TXN100650,USER1650,3.09,Merchant,Kolkata,Android,2025-07-13,3,Travel,0
TXN100651,USER1651,13.89,P2P,Kolkata,Web,2025-09-21,0,Electronics,0
TXN100652,USER1652,15.08,Merchant,Bangalore,Web,2025-04-12,2,Electronics,0
TXN100653,USER1653,18.89,P2P,Kolkata,iOS,2025-12-07,5,Retail,1
TXN100654,USER1654,11.36,P2P,Hyderabad,Web,2025-07-09,5,Electronics,0
TXN100655,USER1655,4.06,P2P,Chennai,Web,2025-12-03,1,Travel,0
TXN100656,USER1656,7.81,P2P,Pune,Android,2025-09-17,0,Electronics,0
TXN100657,USER1657,9.71,Merchant,Bangalore,Android,2025-01-06,0,Education,0
TXN100658,USER1658,16.5,P2P,Chennai,Web,2025-07-07,5,Electronics,1
TXN100659,USER1659,14.7,Merchant,Chennai,iOS,2025-01-14,5,Travel,0
TXN100660,USER1660,9.55,Merchant,Mumbai,Android,2025-08-22,4,Retail,0
TXN100661,USER1661,24.68,Merchant,Bangalore,Web,2025-02-01,4,Real Estate,1
TXN100662,USER1662,15.54,Merchant,Kolkata,Web,2025-10-13,4,Electronics,1
TXN100663,USER1663,6.69,P2P,Pune,iOS,2025-03-07,0,Travel,0
TXN100664,USER1664,3.44,Merchant,Bangalore,iOS,2025-11-02,1,Real Estate,0
TXN100665,USER1665,4.67,P2P,Kolkata,Android,2025-11-28,3,Real Estate,0
TXN100666,USER1666,6.9,Merchant,Chennai,iOS,2025-10-20,4,Education,0
TXN100667,USER1667,4.86,Merchant,Pune,Web,2025-02-27,1,Real Estate,0
TXN100668,USER1668,5.48,P2P,Kolkata,Web,2025-10-15,2,Travel,0
TXN100669,USER1669,7.84,P2P,Hyderabad,iOS,2025-08-11,4,Travel,0
TXN100670,USER1670,5.16,P2P,Kolkata,iOS,2025-06-22,3,Electronics,0
TXN100671,USER1671,22.52,Merchant,Mumbai,iOS,2025-11-01,2,Electronics,0
TXN100672,USER1672,2.93,Merchant,Chennai,iOS,2025-05-22,2,Electronics,0
TXN100673,USER1673,13.59,P2P,Kolkata,Android,2025-05-13,3,Real Estate,0
TXN100674,USER1674,10.85,P2P,Delhi,iOS,2025-12-03,4,Real Estate,0
TXN100675,USER1675,24.58,P2P,Delhi,Android,2025-01-11,0,Education,0
TXN100676,USER1676,3.69,P2P,Mumbai,Web,2025-12-03,3,Electronics,0
TXN100677,USER1677,10.55,Merchant,Hyderabad,iOS,2025-06-02,3,Retail,0
TXN100678,USER1678,24.27,P2P,Chennai,Android,2025-02-03,3,Education,0
TXN100679,USER1679,21.77,P2P,Bangalore,iOS,2025-06-19,2,Retail,0
TXN100680,USER1680,20.61,P2P,Mumbai,Web,2025-09-06,1,Real Estate,0
TXN100681,USER1681,7.19,P2P,Hyderabad,Web,2025-05-22,0,Education,0
TXN100682,USER1682,5.1,Merchant,Bangalore,Web,2025-02-18,4,Education,0
TXN100683,USER1683,17.05,P2P,Delhi,iOS,2025-02-09,4,Travel,1
TXN100684,USER1684,23.31,Merchant,Delhi,iOS,2025-11-27,1,Real Estate,0
TXN100685,USER1685,14.36,P2P,Bangalore,Android,2025-03-20,3,Real Estate,0
TXN100686,USER1686,14.72,P2P,Mumbai,Web,2025-04-27,0,Education,0
TXN100687,USER1687,7.72,Merchant,Delhi,iOS,2025-03-14,4,Real Estate,0
TXN100688,USER1688,19.47,P2P,Chennai,Web,2025-10-26,5,Education,1
TXN100689,USER1689,5.49,Merchant,Pune,Web,2025-02-06,4,Travel,0
TXN100690,USER1690,8.77,Merchant,Kolkata,Android,2025-08-18,3,Education,0
TXN100691,USER1691,11.21,P2P,Bangalore,Android,2025-06-13,5,Real Estate,0
TXN100692,USER1692,13.18,Merchant,Bangalore,Android,2025-08-18,1,Real Estate,0
TXN100693,USER1693,6.82,Merchant,Delhi,Android,2025-05-31,0,Education,0
TXN100694,USER1694,3.76,Merchant,Mumbai,Web,2025-06-26,1,Education,0
TXN100695,USER1695,15.65,Merchant,Chennai,Android,2025-12-24,1,Education,0
TXN100696,USER1696,7.93,Merchant,Mumbai,Android,2025-01-13,0,Electronics,0
TXN100697,USER1697,14.95,Merchant,Hyderabad,Android,2025-05-24,0,Real Estate,0
TXN100698,USER1698,4.7,Merchant,Hyderabad,Android,2025-06-19,4,Real Estate,0
TXN100699,USER1699,12.55,Merchant,Pune,Web,2025-01-26,4,Electronics,0
TXN100700,USER1700,13.78,P2P,Delhi,Android,2025-05-26,0,Education,0
TXN100701,USER1701,2.24,P2P,Delhi,Web,2025-01-31,5,Travel,0
TXN100702,USER1702,9.08,Merchant,Delhi,iOS,2025-12-16,2,Education,0
TXN100703,USER1703,4.23,P2P,Pune,Web,2025-05-05,4,Education,0
TXN100704,USER1704,2.52,Merchant,Hyderabad,Web,2025-12-31,2,Electronics,0
TXN100705,USER1705,24.76,Merchant,Mumbai,Android,2025-02-18,5,Real Estate,1
TXN100706,USER1706,8.74,P2P,Pune,iOS,2025-07-19,0,Education,0
TXN100707,USER1707,20.44,Merchant,Pune,iOS,2025-02-09,5,Real Estate,1
TXN100708,USER1708,7.11,Merchant,Mumbai,iOS,2025-05-25,4,Retail,0
TXN100709,USER1709,17.36,Merchant,Delhi,iOS,2025-02-14,1,Real Estate,0
TXN100710,USER1710,19.25,Merchant,Chennai,Web,2025-02-13,0,Travel,0
TXN100711,USER1711,15.3,P2P,Mumbai,iOS,2025-06-14,3,Travel,0
TXN100712,USER1712,12.32,Merchant,Hyderabad,Web,2025-08-23,2,Education,0
TXN100713,USER1713,10.88,Merchant,Bangalore,Web,2025-09-10,5,Real Estate,0
TXN100714,USER1714,9.37,Merchant,Bangalore,Web,2025-01-04,0,Education,0
TXN100715,USER1715,23.31,P2P,Kolkata,iOS,2025-09-30,5,Electronics,1
TXN100716,USER1716,20.93,Merchant,Kolkata,Android,2025-06-09,0,Travel,0
TXN100717,USER1717,24.16,P2P,Pune,Android,2025-02-15,4,Education,1
TXN100718,USER1718,3.98,P2P,Bangalore,iOS,2025-09-22,4,Electronics,0
TXN100719,USER1719,18.54,Merchant,Chennai,Android,2025-10-19,4,Education,1
TXN100720,USER1720,23.52,Merchant,Delhi,Android,2025-02-17,5,Real Estate,1
TXN100721,USER1721,5.35,P2P,Hyderabad,Web,2025-11-21,3,Real Estate,0
TXN100722,USER1722,2.6,Merchant,Kolkata,Web,2025-09-06,4,Real Estate,0
TXN100723,USER1723,18.79,P2P,Chennai,iOS,2025-08-28,0,Real Estate,0
TXN100724,USER1724,14.79,P2P,Hyderabad,iOS,2025-06-23,4,Retail,0
TXN100725,USER1725,21.2,Merchant,Hyderabad,Android,2025-02-22,1,Electronics,0
TXN100726,USER1726,4.35,Merchant,Delhi,Web,2025-11-21,4,Electronics,0
TXN100727,USER1727,20.09,P2P,Pune,iOS,2025-08-10,5,Real Estate,1
TXN100728,USER1728,5.84,P2P,Bangalore,iOS,2025-02-17,3,Retail,0
TXN100729,USER1729,4.93,P2P,Delhi,iOS,2025-06-05,1,Real Estate,0
TXN100730,USER1730,4.94,P2P,Chennai,iOS,2025-04-20,5,Retail,0
TXN100731,USER1731,20.55,Merchant,Pune,iOS,2025-10-21,5,Real Estate,1
TXN100732,USER1732,16.96,Merchant,Chennai,iOS,2025-12-01,5,Travel,1
TXN100733,USER1733,13.55,Merchant,Pune,Android,2025-11-06,0,Travel,0
TXN100734,USER1734,9.61,Merchant,Kolkata,Web,2025-01-21,5,Education,0
TXN100735,USER1735,22.05,Merchant,Chennai,Web,2025-12-25,0,Real Estate,0
TXN100736,USER1736,10.42,P2P,Delhi,iOS,2025-11-27,5,Electronics,0
TXN100737,USER1737,20.6,Merchant,Pune,Web,2025-04-20,2,Education,0
TXN100738,USER1738,11.54,Merchant,Pune,Web,2025-12-13,1,Travel,0
TXN100739,USER1739,10.05,Merchant,Hyderabad,Web,2025-11-22,2,Real Estate,0
TXN100740,USER1740,12.1,Merchant,Hyderabad,iOS,2025-04-01,5,Education,0
TXN100741,USER1741,8.23,Merchant,Mumbai,iOS,2025-09-15,1,Real Estate,0
TXN100742,USER1742,18.94,P2P,Chennai,Web,2025-10-16,1,Travel,0
TXN100743,USER1743,13.07,P2P,Hyderabad,Web,2025-12-14,3,Education,0
TXN100744,USER1744,6.57,P2P,Mumbai,iOS,2025-10-29,2,Travel,0
TXN100745,USER1745,22.59,Merchant,Kolkata,Android,2025-02-06,3,Retail,0
TXN100746,USER1746,10.21,P2P,Kolkata,Web,2025-09-10,1,Travel,0
TXN100747,USER1747,14.05,P2P,Hyderabad,Android,2025-04-22,0,Real Estate,0
TXN100748,USER1748,22.76,Merchant,Chennai,Web,2025-03-14,1,Electronics,0
TXN100749,USER1749,15.98,Merchant,Pune,Android,2025-11-29,3,Travel,0
TXN100750,USER1750,3.81,Merchant,Bangalore,Android,2025-07-26,2,Electronics,0
TXN100751,USER1751,23.56,P2P,Chennai,Android,2025-02-26,5,Retail,1
TXN100752,USER1752,16.06,P2P,Delhi,iOS,2025-03-27,5,Education,1
TXN100753,USER1753,9.04,Merchant,Kolkata,Android,2025-10-27,2,Education,0
TXN100754,USER1754,4.34,Merchant,Hyderabad,Android,2025-06-18,5,Electronics,0
TXN100755,USER1755,20.06,P2P,Hyderabad,Android,2025-03-13,5,Education,1
TXN100756,USER1756,15.88,P2P,Pune,Web,2025-09-09,3,Travel,0
TXN100757,USER1757,13.8,Merchant,Delhi,Android,2025-11-02,2,Electronics,0
TXN100758,USER1758,22.45,Merchant,Pune,Web,2025-09-08,4,Real Estate,1
TXN100759,USER1759,19.93,P2P,Delhi,Android,2025-10-30,0,Travel,0
TXN100760,USER1760,4.64,Merchant,Bangalore,Android,2025-10-27,0,Travel,0
TXN100761,USER1761,8.48,P2P,Kolkata,iOS,2025-11-10,5,Travel,0
TXN100762,USER1762,6.96,P2P,Hyderabad,Web,2025-04-26,0,Real Estate,0
TXN100763,USER1763,18.85,P2P,Hyderabad,Android,2025-10-03,2,Retail,0
TXN100764,USER1764,1.8,P2P,Bangalore,Web,2025-02-07,2,Education,0
TXN100765,USER1765,14.68,Merchant,Mumbai,Web,2025-10-29,1,Electronics,0
TXN100766,USER1766,19.3,Merchant,Kolkata,iOS,2025-05-07,1,Retail,0
TXN100767,USER1767,22.04,P2P,Pune,iOS,2025-01-30,0,Electronics,0
TXN100768,USER1768,9.21,P2P,Bangalore,iOS,2025-09-17,4,Education,0
TXN100769,USER1769,20.71,P2P,Pune,iOS,2025-12-22,1,Real Estate,0
TXN100770,USER1770,3.66,P2P,Chennai,iOS,2025-06-20,1,Travel,0
TXN100771,USER1771,21.31,P2P,Hyderabad,iOS,2025-05-16,2,Travel,0
TXN100772,USER1772,4.06,Merchant,Pune,iOS,2025-02-13,4,Real Estate,0
TXN100773,USER1773,10.53,Merchant,Delhi,iOS,2025-01-20,5,Retail,0
TXN100774,USER1774,20.14,Merchant,Pune,Android,2025-06-26,0,Retail,0
TXN100775,USER1775,4.6,Merchant,Chennai,Web,2025-06-12,1,Electronics,0
TXN100776,USER1776,6.5,P2P,Kolkata,iOS,2025-01-21,4,Real Estate,0
TXN100777,USER1777,18.33,P2P,Hyderabad,iOS,2025-10-14,4,Retail,1
TXN100778,USER1778,18.28,P2P,Bangalore,Web,2025-02-14,0,Real Estate,0
TXN100779,USER1779,16.39,P2P,Chennai,Android,2025-01-30,4,Education,1
TXN100780,USER1780,17.65,P2P,Hyderabad,Web,2025-07-24,4,Travel,1
TXN100781,USER1781,14.03,Merchant,Pune,Web,2025-10-22,4,Travel,0
TXN100782,USER1782,7.04,P2P,Kolkata,iOS,2025-12-16,1,Travel,0
TXN100783,USER1783,9.3,Merchant,Mumbai,Web,2025-12-06,0,Real Estate,0
TXN100784,USER1784,5.36,Merchant,Kolkata,Web,2025-09-27,4,Real Estate,0
TXN100785,USER1785,22.8,Merchant,Mumbai,iOS,2025-08-13,4,Electronics,1
TXN100786,USER1786,15.0,Merchant,Delhi,iOS,2025-04-29,1,Travel,0
TXN100787,USER1787,10.62,P2P,Kolkata,iOS,2025-01-19,0,Electronics,0
TXN100788,USER1788,12.09,Merchant,Hyderabad,iOS,2025-01-13,2,Travel,0
TXN100789,USER1789,23.73,Merchant,Mumbai,Web,2025-04-10,1,Electronics,0
TXN100790,USER1790,4.68,Merchant,Bangalore,Web,2025-01-27,0,Electronics,0
TXN100791,USER1791,15.07,P2P,Hyderabad,Android,2025-05-27,4,Education,1
TXN100792,USER1792,13.14,P2P,Bangalore,Android,2025-01-11,0,Electronics,0
TXN100793,USER1793,15.67,P2P,Kolkata,Web,2025-10-24,0,Real Estate,0
TXN100794,USER1794,1.43,Merchant,Bangalore,Android,2025-05-27,5,Electronics,0
TXN100795,USER1795,21.93,Merchant,Mumbai,Web,2025-04-02,0,Travel,0
TXN100796,USER1796,23.37,P2P,Hyderabad,Android,2025-01-15,2,Electronics,0
TXN100797,USER1797,14.56,Merchant,Pune,iOS,2025-07-05,0,Retail,0
TXN100798,USER1798,17.72,P2P,Chennai,Android,2025-12-23,2,Travel,0
TXN100799,USER1799,23.14,P2P,Mumbai,iOS,2025-01-24,4,Retail,1
TXN100800,USER1800,17.97,Merchant,Mumbai,iOS,2025-04-23,2,Travel,0
TXN100801,USER1801,4.66,Merchant,Pune,iOS,2025-05-20,4,Real Estate,0
TXN100802,USER1802,14.83,Merchant,Hyderabad,iOS,2025-08-29,4,Real Estate,0
TXN100803,USER1803,15.56,Merchant,Hyderabad,Android,2025-01-19,2,Real Estate,0
TXN100804,USER1804,11.18,P2P,Kolkata,Web,2025-07-02,1,Retail,0
TXN100805,USER1805,18.67,P2P,Bangalore,iOS,2025-06-01,3,Education,0
TXN100806,USER1806,23.42,P2P,Kolkata,Android,2025-06-12,0,Travel,0
TXN100807,USER1807,23.21,P2P,Pune,iOS,2025-11-26,5,Real Estate,1
TXN100808,USER1808,11.82,P2P,Kolkata,Android,2025-07-24,3,Travel,0
TXN100809,USER1809,3.72,Merchant,Pune,Android,2025-01-31,0,Retail,0
TXN100810,USER1810,24.64,P2P,Hyderabad,Android,2025-08-30,0,Education,0
TXN100811,USER1811,21.13,P2P,Bangalore,Web,2025-01-02,4,Retail,1
TXN100812,USER1812,3.99,P2P,Kolkata,Android,2025-04-12,0,Travel,0
TXN100813,USER1813,23.1,Merchant,Mumbai,Android,2025-10-06,5,Education,1
TXN100814,USER1814,21.88,Merchant,Delhi,Web,2025-11-06,0,Education,0
TXN100815,USER1815,13.45,Merchant,Chennai,Web,2025-12-11,2,Retail,0
TXN100816,USER1816,15.19,Merchant,Mumbai,Android,2025-02-25,3,Real Estate,0
TXN100817,USER1817,10.58,P2P,Hyderabad,Web,2025-01-04,2,Travel,0
TXN100818,USER1818,2.31,P2P,Chennai,iOS,2025-11-25,5,Electronics,0
TXN100819,USER1819,9.04,Merchant,Delhi,iOS,2025-06-05,0,Electronics,0
TXN100820,USER1820,20.27,Merchant,Delhi,Web,2025-11-06,5,Retail,1
TXN100821,USER1821,1.11,P2P,Bangalore,Web,2025-06-28,4,Travel,0
TXN100822,USER1822,9.0,P2P,Chennai,Android,2025-11-24,2,Travel,0
TXN100823,USER1823,10.56,Merchant,Bangalore,Web,2025-06-01,2,Retail,0
TXN100824,USER1824,13.9,Merchant,Mumbai,Android,2025-01-09,1,Travel,0
TXN100825,USER1825,23.08,Merchant,Pune,iOS,2025-07-17,0,Real Estate,0
TXN100826,USER1826,9.31,Merchant,Pune,Web,2025-01-27,4,Retail,0
TXN100827,USER1827,9.33,P2P,Pune,Android,2025-10-15,2,Real Estate,0
TXN100828,USER1828,18.7,P2P,Chennai,Android,2025-07-13,2,Travel,0
TXN100829,USER1829,11.85,P2P,Pune,iOS,2025-03-25,4,Retail,0
TXN100830,USER1830,6.39,Merchant,Mumbai,Web,2025-08-10,5,Travel,0
TXN100831,USER1831,11.86,Merchant,Bangalore,iOS,2025-04-11,5,Retail,0
TXN100832,USER1832,4.38,P2P,Chennai,Android,2025-02-03,0,Travel,0
TXN100833,USER1833,5.23,P2P,Bangalore,Android,2025-03-01,1,Real Estate,0
TXN100834,USER1834,12.96,P2P,Chennai,Web,2025-08-25,2,Real Estate,0
TXN100835,USER1835,11.05,P2P,Bangalore,Android,2025-06-19,1,Travel,0
TXN100836,USER1836,22.96,Merchant,Delhi,Web,2025-01-18,5,Retail,1
TXN100837,USER1837,9.7,P2P,Bangalore,iOS,2025-11-15,5,Electronics,0
TXN100838,USER1838,14.93,P2P,Pune,Web,2025-11-11,3,Real Estate,0
TXN100839,USER1839,16.17,P2P,Delhi,Web,2025-12-23,0,Real Estate,0
TXN100840,USER1840,1.31,P2P,Bangalore,Android,2025-10-24,3,Electronics,0
TXN100841,USER1841,16.92,P2P,Chennai,Android,2025-10-27,3,Travel,0
TXN100842,USER1842,5.27,P2P,Chennai,Web,2025-09-01,3,Retail,0
TXN100843,USER1843,24.07,P2P,Chennai,Android,2025-10-25,0,Travel,0
TXN100844,USER1844,4.57,Merchant,Hyderabad,Android,2025-01-12,0,Education,0
TXN100845,USER1845,10.95,Merchant,Mumbai,Android,2025-04-13,4,Real Estate,0
TXN100846,USER1846,3.05,Merchant,Chennai,Web,2025-11-03,1,Education,0
TXN100847,USER1847,24.92,Merchant,Delhi,Android,2025-07-17,1,Real Estate,0
TXN100848,USER1848,13.05,P2P,Chennai,Web,2025-10-27,4,Real Estate,0
TXN100849,USER1849,15.29,Merchant,Hyderabad,Android,2025-04-17,4,Education,1
TXN100850,USER1850,2.61,Merchant,Pune,iOS,2025-07-25,5,Education,0
TXN100851,USER1851,19.0,P2P,Delhi,Android,2025-12-27,3,Travel,0
TXN100852,USER1852,6.04,P2P,Hyderabad,Android,2025-05-16,4,Education,0
TXN100853,USER1853,22.55,Merchant,Pune,Web,2025-05-14,2,Travel,0
TXN100854,USER1854,5.92,Merchant,Kolkata,Web,2025-02-04,1,Travel,0
TXN100855,USER1855,5.58,P2P,Kolkata,Android,2025-03-18,4,Travel,0
TXN100856,USER1856,1.88,Merchant,Delhi,iOS,2025-06-03,2,Real Estate,0
TXN100857,USER1857,12.33,P2P,Bangalore,Android,2025-01-07,2,Real Estate,0
TXN100858,USER1858,14.56,P2P,Mumbai,Android,2025-01-17,2,Education,0
TXN100859,USER1859,2.58,P2P,Mumbai,iOS,2025-02-04,5,Real Estate,0
TXN100860,USER1860,19.61,P2P,Hyderabad,Web,2025-08-25,5,Education,1
TXN100861,USER1861,11.88,Merchant,Pune,Android,2025-05-16,2,Real Estate,0
TXN100862,USER1862,13.59,P2P,Mumbai,Web,2025-06-13,5,Retail,0
TXN100863,USER1863,11.58,P2P,Pune,Web,2025-10-18,3,Retail,0
TXN100864,USER1864,10.62,Merchant,Pune,iOS,2025-01-20,2,Education,0
TXN100865,USER1865,14.43,P2P,Hyderabad,iOS,2025-11-19,3,Real Estate,0
TXN100866,USER1866,4.73,Merchant,Hyderabad,Web,2025-10-20,3,Real Estate,0
TXN100867,USER1867,5.37,Merchant,Hyderabad,Android,2025-03-16,2,Travel,0
TXN100868,USER1868,21.68,Merchant,Mumbai,Web,2025-02-18,1,Electronics,0
TXN100869,USER1869,23.71,P2P,Kolkata,Android,2025-07-20,2,Education,0
TXN100870,USER1870,9.96,Merchant,Hyderabad,Android,2025-05-01,2,Electronics,0
TXN100871,USER1871,7.5,Merchant,Mumbai,iOS,2025-09-15,5,Electronics,0
TXN100872,USER1872,16.46,P2P,Hyderabad,Android,2025-06-15,2,Education,0
TXN100873,USER1873,10.81,Merchant,Chennai,Android,2025-09-26,1,Real Estate,0
TXN100874,USER1874,1.61,Merchant,Pune,Web,2025-09-25,5,Education,0
TXN100875,USER1875,4.75,Merchant,Hyderabad,iOS,2025-01-11,0,Electronics,0
TXN100876,USER1876,18.18,Merchant,Delhi,Android,2025-07-02,0,Real Estate,0
TXN100877,USER1877,16.81,Merchant,Pune,Android,2025-09-23,3,Retail,0
TXN100878,USER1878,1.65,P2P,Pune,iOS,2025-08-24,3,Education,0
TXN100879,USER1879,6.33,Merchant,Hyderabad,Web,2025-05-03,1,Education,0
TXN100880,USER1880,6.55,Merchant,Kolkata,iOS,2025-10-04,4,Real Estate,0
TXN100881,USER1881,17.13,P2P,Bangalore,iOS,2025-02-24,0,Retail,0
TXN100882,USER1882,1.47,P2P,Kolkata,Android,2025-04-26,3,Retail,0
TXN100883,USER1883,3.5,P2P,Hyderabad,Android,2025-10-10,0,Real Estate,0
TXN100884,USER1884,20.2,Merchant,Pune,Web,2025-06-12,1,Travel,0
TXN100885,USER1885,5.29,P2P,Delhi,Android,2025-04-22,1,Education,0
TXN100886,USER1886,16.67,Merchant,Pune,Android,2025-07-11,4,Education,1
TXN100887,USER1887,6.72,Merchant,Kolkata,iOS,2025-08-18,4,Electronics,0
TXN100888,USER1888,3.39,P2P,Delhi,Android,2025-05-01,5,Real Estate,0
TXN100889,USER1889,6.84,P2P,Mumbai,Web,2025-06-12,1,Electronics,0
TXN100890,USER1890,18.33,Merchant,Chennai,iOS,2025-01-06,3,Electronics,0
TXN100891,USER1891,21.54,P2P,Pune,Web,2025-10-26,0,Retail,0
TXN100892,USER1892,20.93,Merchant,Hyderabad,iOS,2025-02-17,2,Education,0
TXN100893,USER1893,10.53,P2P,Mumbai,Android,2025-11-23,4,Electronics,0
TXN100894,USER1894,17.03,P2P,Chennai,iOS,2025-05-24,2,Retail,0
TXN100895,USER1895,5.92,P2P,Hyderabad,iOS,2025-06-22,3,Real Estate,0
TXN100896,USER1896,8.04,Merchant,Bangalore,Android,2025-07-27,4,Electronics,0
TXN100897,USER1897,22.51,P2P,Hyderabad,Android,2025-10-06,2,Education,0
TXN100898,USER1898,1.31,Merchant,Delhi,Web,2025-02-27,3,Electronics,0
TXN100899,USER1899,3.05,Merchant,Delhi,Web,2025-04-28,0,Real Estate,0
TXN100900,USER1900,5.99,Merchant,Bangalore,Android,2025-06-15,3,Electronics,0
TXN100901,USER1901,1.64,Merchant,Mumbai,Android,2025-03-03,5,Education,0
TXN100902,USER1902,5.35,P2P,Chennai,Android,2025-11-03,4,Retail,0
TXN100903,USER1903,14.99,Merchant,Hyderabad,iOS,2025-09-13,1,Education,0
TXN100904,USER1904,11.11,Merchant,Delhi,iOS,2025-11-08,0,Retail,0
TXN100905,USER1905,22.42,P2P,Mumbai,iOS,2025-06-28,2,Travel,0
TXN100906,USER1906,20.62,Merchant,Bangalore,Android,2025-02-16,4,Education,1
TXN100907,USER1907,9.2,P2P,Kolkata,Web,2025-11-23,1,Education,0
TXN100908,USER1908,7.23,Merchant,Pune,Android,2025-02-24,3,Real Estate,0
TXN100909,USER1909,10.11,P2P,Kolkata,iOS,2025-04-06,1,Electronics,0
TXN100910,USER1910,15.17,Merchant,Kolkata,iOS,2025-07-20,4,Retail,1
TXN100911,USER1911,7.43,P2P,Delhi,Android,2025-03-19,4,Retail,0
TXN100912,USER1912,15.98,Merchant,Bangalore,Android,2025-11-08,5,Real Estate,1
TXN100913,USER1913,10.83,Merchant,Hyderabad,iOS,2025-12-13,5,Real Estate,0
TXN100914,USER1914,14.25,P2P,Kolkata,iOS,2025-01-02,1,Electronics,0
TXN100915,USER1915,11.47,P2P,Kolkata,iOS,2025-08-12,3,Electronics,0
TXN100916,USER1916,8.07,P2P,Chennai,Android,2025-07-15,1,Education,0
TXN100917,USER1917,23.76,P2P,Delhi,iOS,2025-08-06,4,Travel,1
TXN100918,USER1918,19.33,Merchant,Delhi,iOS,2025-08-12,4,Electronics,1
TXN100919,USER1919,4.36,Merchant,Hyderabad,Web,2025-08-14,2,Real Estate,0
TXN100920,USER1920,21.84,P2P,Pune,Android,2025-06-05,5,Electronics,1
TXN100921,USER1921,12.7,Merchant,Mumbai,Web,2025-04-16,2,Retail,0
TXN100922,USER1922,22.47,P2P,Chennai,Web,2025-06-25,0,Travel,0
TXN100923,USER1923,20.2,P2P,Delhi,iOS,2025-02-13,4,Education,1
TXN100924,USER1924,11.21,Merchant,Chennai,Android,2025-01-18,2,Retail,0
TXN100925,USER1925,1.54,Merchant,Delhi,iOS,2025-02-23,1,Retail,0
TXN100926,USER1926,7.45,Merchant,Chennai,Android,2025-10-21,5,Travel,0
TXN100927,USER1927,14.0,Merchant,Bangalore,Web,2025-10-09,5,Education,0
TXN100928,USER1928,16.2,Merchant,Kolkata,Android,2025-12-24,3,Real Estate,0
TXN100929,USER1929,7.19,Merchant,Delhi,iOS,2025-01-17,1,Education,0
TXN100930,USER1930,4.34,Merchant,Chennai,iOS,2025-01-21,3,Electronics,0
TXN100931,USER1931,21.04,P2P,Mumbai,iOS,2025-11-21,2,Retail,0
TXN100932,USER1932,24.63,P2P,Bangalore,Android,2025-03-09,0,Electronics,0
TXN100933,USER1933,13.62,P2P,Bangalore,Web,2025-12-06,1,Real Estate,0
TXN100934,USER1934,5.12,P2P,Mumbai,Web,2025-10-21,1,Electronics,0
TXN100935,USER1935,7.54,P2P,Chennai,Android,2025-08-05,1,Education,0
TXN100936,USER1936,1.44,Merchant,Hyderabad,iOS,2025-08-24,3,Electronics,0
TXN100937,USER1937,22.94,P2P,Mumbai,Web,2025-09-09,2,Real Estate,0
TXN100938,USER1938,3.83,P2P,Chennai,iOS,2025-08-18,1,Real Estate,0
TXN100939,USER1939,14.84,P2P,Mumbai,Android,2025-08-14,1,Real Estate,0
TXN100940,USER1940,7.58,P2P,Mumbai,iOS,2025-09-16,5,Education,0
TXN100941,USER1941,14.3,P2P,Delhi,Web,2025-10-30,0,Real Estate,0
TXN100942,USER1942,16.63,P2P,Chennai,Web,2025-04-03,5,Retail,1
TXN100943,USER1943,20.91,P2P,Hyderabad,iOS,2025-02-11,5,Real Estate,1
TXN100944,USER1944,5.95,Merchant,Kolkata,Android,2025-01-29,0,Electronics,0
TXN100945,USER1945,1.26,Merchant,Delhi,iOS,2025-08-20,2,Electronics,0
TXN100946,USER1946,4.29,P2P,Mumbai,Android,2025-04-08,5,Electronics,0
TXN100947,USER1947,22.6,Merchant,Kolkata,iOS,2025-01-01,2,Education,0
TXN100948,USER1948,21.97,Merchant,Pune,Web,2025-02-05,5,Electronics,1
TXN100949,USER1949,15.34,Merchant,Kolkata,Android,2025-11-17,4,Education,1
TXN100950,USER1950,15.41,Merchant,Mumbai,Android,2025-09-07,0,Education,0
TXN100951,USER1951,16.96,P2P,Mumbai,Android,2025-01-27,5,Real Estate,1
TXN100952,USER1952,5.21,Merchant,Chennai,Web,2025-03-04,4,Retail,0
TXN100953,USER1953,22.95,Merchant,Chennai,iOS,2025-04-16,3,Real Estate,0
TXN100954,USER1954,11.05,Merchant,Delhi,Web,2025-08-28,4,Real Estate,0
TXN100955,USER1955,10.2,P2P,Hyderabad,Android,2025-01-18,1,Education,0
TXN100956,USER1956,13.45,P2P,Delhi,iOS,2025-04-21,5,Education,0
TXN100957,USER1957,2.13,P2P,Bangalore,Web,2025-02-05,4,Electronics,0
TXN100958,USER1958,4.99,P2P,Mumbai,Android,2025-05-31,2,Electronics,0
TXN100959,USER1959,18.71,P2P,Kolkata,Android,2025-08-13,3,Real Estate,0
TXN100960,USER1960,2.99,P2P,Pune,Web,2025-07-17,5,Travel,0
TXN100961,USER1961,15.48,P2P,Mumbai,Web,2025-01-17,1,Travel,0
TXN100962,USER1962,6.89,Merchant,Mumbai,Web,2025-06-05,4,Electronics,0
TXN100963,USER1963,10.34,Merchant,Delhi,Android,2025-01-03,3,Travel,0
TXN100964,USER1964,7.93,Merchant,Pune,Web,2025-02-08,5,Electronics,0
TXN100965,USER1965,9.54,P2P,Pune,Android,2025-06-12,3,Education,0
TXN100966,USER1966,18.26,P2P,Pune,Web,2025-12-10,1,Real Estate,0
TXN100967,USER1967,8.13,P2P,Delhi,Android,2025-01-26,4,Retail,0
TXN100968,USER1968,14.59,P2P,Mumbai,Android,2025-02-11,3,Real Estate,0
TXN100969,USER1969,12.43,P2P,Delhi,iOS,2025-05-24,3,Electronics,0
TXN100970,USER1970,16.93,Merchant,Chennai,Web,2025-04-30,0,Electronics,0
TXN100971,USER1971,23.48,Merchant,Chennai,Web,2025-05-22,3,Real Estate,0
TXN100972,USER1972,18.58,P2P,Delhi,Android,2025-11-29,0,Electronics,0
TXN100973,USER1973,6.16,P2P,Pune,Android,2025-06-12,4,Travel,0
TXN100974,USER1974,1.75,P2P,Mumbai,Android,2025-02-04,5,Travel,0
TXN100975,USER1975,7.29,P2P,Delhi,iOS,2025-02-05,5,Electronics,0
TXN100976,USER1976,15.28,Merchant,Delhi,iOS,2025-04-23,4,Electronics,1
TXN100977,USER1977,2.23,P2P,Delhi,Android,2025-04-26,4,Travel,0
TXN100978,USER1978,12.91,P2P,Bangalore,Web,2025-01-23,2,Electronics,0
TXN100979,USER1979,15.32,P2P,Chennai,Web,2025-01-29,4,Electronics,1
TXN100980,USER1980,9.02,P2P,Kolkata,iOS,2025-06-24,3,Real Estate,0
TXN100981,USER1981,19.5,Merchant,Pune,iOS,2025-08-23,5,Retail,1
TXN100982,USER1982,3.56,P2P,Hyderabad,Android,2025-08-11,1,Travel,0
TXN100983,USER1983,2.8,P2P,Kolkata,Web,2025-06-28,5,Real Estate,0
TXN100984,USER1984,18.48,Merchant,Pune,Android,2025-05-21,0,Retail,0
TXN100985,USER1985,12.89,Merchant,Hyderabad,iOS,2025-06-11,5,Electronics,0
TXN100986,USER1986,17.52,Merchant,Bangalore,Web,2025-04-18,2,Electronics,0
TXN100987,USER1987,11.44,P2P,Delhi,Web,2025-02-07,4,Real Estate,0
TXN100988,USER1988,6.91,P2P,Bangalore,iOS,2025-12-27,4,Electronics,0
TXN100989,USER1989,20.66,Merchant,Bangalore,Android,2025-11-12,5,Education,1
TXN100990,USER1990,20.19,Merchant,Kolkata,Android,2025-10-15,1,Real Estate,0
TXN100991,USER1991,17.67,Merchant,Mumbai,Web,2025-04-20,1,Retail,0
TXN100992,USER1992,7.53,Merchant,Kolkata,iOS,2025-03-29,2,Real Estate,0
TXN100993,USER1993,15.17,Merchant,Chennai,Web,2025-04-15,0,Travel,0
TXN100994,USER1994,9.66,Merchant,Hyderabad,iOS,2025-06-22,5,Real Estate,0
TXN100995,USER1995,3.2,P2P,Delhi,Android,2025-11-23,4,Electronics,0
TXN100996,USER1996,23.02,P2P,Kolkata,iOS,2025-09-22,5,Electronics,1
TXN100997,USER1997,4.28,P2P,Hyderabad,Android,2025-08-11,2,Education,0
TXN100998,USER1998,23.81,Merchant,Pune,iOS,2025-07-28,3,Education,0
TXN100999,USER1999,11.7,Merchant,Hyderabad,Web,2025-09-01,3,Education,0
